Ward_ID,LGA,Ward,Population,Routing_Cells,Weighted_2SFCA_per_10000,Median_2SFCA_per_10000,Min_2SFCA_per_10000,Max_2SFCA_per_10000,Mean_Accessible_PHC_Count,Zero_Access_Population,Zero_Access_Pct,2SFCA_Rank,Low_Access_Rank,2SFCA_Quintile
KANO_W001,Ajingi,Ajingi,25614.35702443123,14,1.249026298189663,1.1685649609258144,0.7091829507420757,1.3780604941071997,18.648042332055606,0.0,0.0,81,404,Very High
KANO_W002,Ajingi,Balare,24040.603971242905,44,0.9508658562019426,0.9581297709902089,0.1288392595203522,1.471291224459141,9.334717175819675,0.0,0.0,174,311,High
KANO_W003,Ajingi,Chula,24778.70829319954,36,1.075751404658142,1.104766234866204,0.5043418278782285,1.462167770915119,12.091236897071632,0.0,0.0,123,362,High
KANO_W004,Ajingi,Dabin-Kanawa,33965.52364397049,48,0.6863516164453866,0.7113688802592291,0.18204432869439643,0.9954548942112893,6.983952120172853,0.0,0.0,360,125,Low
KANO_W005,Ajingi,Dundun,28836.420677423477,51,0.7293794891484225,0.6937175891309859,0.0721395802145623,1.3687601505756917,12.517301796431171,0.0,0.0,324,161,Low
KANO_W006,Ajingi,Gafasa,33515.38449525833,85,0.7658389888214393,0.7685992083599735,0.12571423406456092,1.2900396870143824,6.303368542551729,0.0,0.0,297,188,Low
KANO_W007,Ajingi,Gurduba,20355.09816479683,23,1.0275009895420688,0.9819374974991696,0.10152643999247117,1.3537524144650124,9.764075615292475,0.0,0.0,145,340,High
KANO_W008,Ajingi,Kunkurawa,37590.09017539024,44,0.7829101559108625,0.7942300325204006,0.273777380727526,1.3780604941071997,9.608224991753234,0.0,0.0,280,205,Moderate
KANO_W009,Ajingi,Toranke,68323.73483967781,140,0.7356452414574877,0.5508045546167861,0.0721395802145623,2.131809761791,3.847252465781825,0.0,0.0,322,163,Low
KANO_W010,Ajingi,Unguwar Bai,39893.87610626221,96,0.983392806548527,0.9558304129889139,0.07324413359060016,1.462167770915119,8.588540183771292,0.0,0.0,166,319,High
KANO_W011,Albasu,Albasu Central,34472.35253047943,58,1.1118553024491276,0.8450716865105761,0.17221614251879613,1.8269800087324368,9.726341742880054,0.0,0.0,111,374,High
KANO_W012,Albasu,Bataiya,33287.21682691574,46,0.815415904226729,0.7643408524230183,0.5441307525495511,1.3104963187535743,7.5600283718613195,0.0,0.0,253,232,Moderate
KANO_W013,Albasu,Daho,27705.09175848961,54,1.1972759421110455,1.0767945536561259,0.09679392365660427,1.8269800087324368,6.808271782116365,0.0,0.0,90,395,Very High
KANO_W014,Albasu,Duja,9637.503433704376,24,0.5608424032878788,0.6295740557815162,0.22375687963941934,0.8345744393620763,6.243380044198453,0.0,0.0,423,62,Very Low
KANO_W015,Albasu,Fanda,33194.64140033722,43,0.7842557025107033,0.666880888718152,0.08157486694501088,1.2194383148865298,11.757314057829932,0.0,0.0,278,207,Moderate
KANO_W016,Albasu,Faragai,32620.26916360855,26,1.0905532217451135,0.8782649373614538,0.6047839321254832,1.3541847835825254,16.00744276437389,0.0,0.0,120,365,High
KANO_W017,Albasu,Gagarame,49153.09963965416,107,0.5510798265821298,0.5163000141867081,0.15035545996557428,1.1670845704443138,8.014404774657873,0.0,0.0,427,58,Very Low
KANO_W018,Albasu,Hungu,23759.600473165512,46,1.0415794435230294,0.901421792552163,0.17521188466641818,1.5861889452986815,16.945463342065608,0.0,0.0,138,347,High
KANO_W019,Albasu,Saya-Saya,37297.650851249695,55,0.9358274708570408,0.8420476418720136,0.31720541232101596,1.501650604773634,11.700931269717545,0.0,0.0,180,305,High
KANO_W020,Albasu,Tsangaya,42294.02999138832,63,0.7233903746962078,0.6797009528166297,0.09679392365660427,1.1670845704443138,6.503436672049914,0.0,0.0,328,157,Low
KANO_W021,Bagwai,Bagwai,36794.92509293556,22,1.1033412850536484,0.9018950044188492,0.33416658058829957,1.518935757134644,14.024901052638311,0.0,0.0,116,369,High
KANO_W022,Bagwai,Dangada,35835.846756219864,59,1.4220744991271874,1.4381134835081126,0.47758446077719036,2.594804951462764,13.127962483147915,0.0,0.0,44,441,Very High
KANO_W023,Bagwai,Gadanya,36287.73974633217,72,1.1076207451480653,1.1252992968621762,0.4915806758914332,1.5889721970723816,12.15672890166944,0.0,0.0,113,372,High
KANO_W024,Bagwai,Gogori,34379.87130236626,69,0.9074675402921691,1.1522275896862508,0.40972659060679145,1.8670922301515231,9.08417076509124,0.0,0.0,195,290,Moderate
KANO_W025,Bagwai,Kiyawa,34375.45455479622,39,2.0722743444759795,1.8104968979330216,0.9091466375058737,2.526625067749958,23.900788194145726,0.0,0.0,10,475,Very High
KANO_W026,Bagwai,Kwajale,36255.36284780502,67,1.8371799803675202,1.782614480125194,0.1650627969242315,3.2208878655829616,18.152962654072304,0.0,0.0,15,470,Very High
KANO_W027,Bagwai,Rimin Dako,39724.70056796074,55,2.0119281643151816,1.9625060816549,0.6328230767009031,3.2196990845328215,25.872432138254386,0.0,0.0,12,473,Very High
KANO_W028,Bagwai,Romo,31253.129024267197,65,1.680391760268522,1.6145090624800773,0.5768882702135946,2.6214621647337637,14.24558132967551,0.0,0.0,20,465,Very High
KANO_W029,Bagwai,Sare-Sare,29383.2672791481,48,0.9225210180725014,0.8849933781022375,0.40700338390489404,1.4385216512201868,10.23584058824034,0.0,0.0,188,297,High
KANO_W030,Bagwai,Wuro Bagga,33477.731825351715,54,0.9574496988588245,0.8986288103440963,0.5777075888179322,1.518935757134644,10.33862406195486,0.0,0.0,172,313,High
KANO_W031,Bebeji,Anadariya,8706.878468036652,28,0.7549195935777219,0.8134712403142207,0.36934749484084306,1.114009790719316,6.367084596559771,0.0,0.0,304,181,Low
KANO_W032,Bebeji,Baguda,15720.371176481247,25,1.1047051903327771,1.0355613916743307,0.34795041886364014,1.4976754357655657,7.980320652361434,0.0,0.0,114,371,High
KANO_W033,Bebeji,Bebeji,58952.98099374771,55,0.8443131884720595,0.8215284719168752,0.09929235182853363,1.7065124577878183,8.420806464749074,0.0,0.0,226,259,Moderate
KANO_W034,Bebeji,Damau,21675.213315963745,34,0.6338852674841902,0.6693234792383578,0.12929945776063123,1.4137160475193824,5.728479334610117,0.0,0.0,390,95,Very Low
KANO_W035,Bebeji,Durmawa,29779.589923381805,60,1.060543854620702,0.8253251030177897,0.09929235182853363,1.7030874445131912,7.198620323106657,0.0,0.0,126,359,High
KANO_W036,Bebeji,Gargai,21902.19045829773,29,0.7925185753759206,0.9687099864076656,0.2103088630532049,1.2191458699429059,11.007494683102262,0.0,0.0,272,213,Moderate
KANO_W037,Bebeji,Gwarmai,54313.49741625786,73,0.6334974588090387,0.5567671123893276,0.0,1.3746505611065152,7.575148889923969,2461.6489300727844,4.532296845490804,391,94,Very Low
KANO_W038,Bebeji,Kofa,23055.134974956512,7,0.6867002926268916,0.623008426171391,0.49665895136436944,0.901361480210384,7.330795499710911,0.0,0.0,359,126,Low
KANO_W039,Bebeji,Kuki,24537.51567196846,47,0.6358570680283401,0.69906386319389,0.16212944393122836,1.114009790719316,4.8177753322188765,0.0,0.0,389,96,Very Low
KANO_W040,Bebeji,Rahama,27304.87781572342,42,0.9297152409864057,0.7914550383938851,0.3296316351941581,1.2809065916561473,9.717450846691225,0.0,0.0,184,301,High
KANO_W041,Bebeji,Ranka,34916.460077762604,104,0.5629661431028001,0.2113191237804691,0.0,1.6735674325939496,6.1799197487969675,1553.9185101985931,4.4503896063285175,422,63,Very Low
KANO_W042,Bebeji,Rantan,50408.79292225838,67,0.5596412417899295,0.40945646628163157,0.10205861504694076,0.891810437234074,5.149186916305576,0.0,0.0,424,61,Very Low
KANO_W043,Bebeji,Tariwa,28358.654621362686,41,0.6654710261348982,0.6786641706106028,0.2113191237804691,1.7030874445131912,5.411385635084659,0.0,0.0,377,108,Low
KANO_W044,Bebeji,Wak,22383.871805906296,17,1.371873027227434,1.2191458699429059,0.3355156117398109,1.8538557763441987,20.259586216442397,0.0,0.0,48,437,Very High
KANO_W045,Bichi,Badume,90503.92381310463,103,1.325544808812597,1.2279151167192366,0.0,3.083908148295824,17.550521870495814,499.6923069953919,0.5521222571822221,60,425,Very High
KANO_W046,Bichi,Bichi,124955.55677390099,94,1.283248871498478,0.925496510194176,0.12271397613995404,1.852640423148711,22.07085348124913,0.0,0.0,76,409,Very High
KANO_W047,Bichi,Danzabuwa,61892.10955309868,95,1.1872019442202597,0.9443122334590017,0.0,1.893350638008201,11.676473768847655,3379.6365637779236,5.460528956245149,93,392,Very High
KANO_W048,Bichi,Fagolo,24970.085165023804,63,1.368004072445242,1.4271440084464437,0.6168855615742852,2.0451398172132493,12.184708967536166,0.0,0.0,49,436,Very High
KANO_W049,Bichi,Kau-Kau,33661.78238654137,61,1.091772913449366,1.0135457281223226,0.5801627630055657,1.6173059699715284,18.676543920137362,0.0,0.0,119,366,High
KANO_W050,Bichi,Kwamarawa,28445.725249290466,53,1.1343600018310152,1.2798921748513468,0.29427259636853303,1.7591547760628508,11.338109915871613,0.0,0.0,104,381,High
KANO_W051,Bichi,Kyalli,47393.93415474892,88,1.1045819303068962,0.746419966624381,0.12271397613995404,1.9823972561891823,14.783234851558047,0.0,0.0,115,370,High
KANO_W052,Bichi,Muntsira,51636.58268404007,76,0.7223949431531392,0.7057784366059799,0.05009128534747304,1.6953861666866294,9.97165585190219,0.0,0.0,330,155,Low
KANO_W053,Bichi,Saye,24767.7471306324,31,1.5985809486228206,1.5783720949039581,1.0871593571204936,2.0243654509288116,15.40302120160417,0.0,0.0,27,458,Very High
KANO_W054,Bichi,Waire,36939.8991420269,84,1.0441206871992395,0.8882668101267942,0.3761080018540829,1.760968395472651,6.606588010100715,0.0,0.0,135,350,High
KANO_W055,Bichi,Yallami,46898.301015377045,85,1.2243000367391008,1.0622445013493542,0.16985961654027545,1.9134054721654423,13.069600201385473,0.0,0.0,88,397,Very High
KANO_W056,Bunkure,Barkum,44461.25253152847,40,0.7875324956579164,0.7754594789853583,0.06077756992281409,1.2820163506440412,10.561874201723572,0.0,0.0,273,212,Moderate
KANO_W057,Bunkure,Bono,24751.14481639862,46,0.7852907885932718,0.7321377257210843,0.05814342698376198,1.4757069334114266,8.75320585273426,0.0,0.0,276,209,Moderate
KANO_W058,Bunkure,Bunkure,45696.68604969978,34,1.023718832453863,0.7257005808611816,0.27321411087544173,1.370614814241324,10.151946068034606,0.0,0.0,149,336,High
KANO_W059,Bunkure,Chirin,29887.835190296173,59,0.720621088060707,0.6975336265069059,0.3155691406139626,1.256096941634347,4.7003654484385455,0.0,0.0,336,149,Low
KANO_W060,Bunkure,Gafan,25388.39962720871,68,0.7004250758785902,0.6156854753858437,0.20467160668558076,1.4757069334114266,8.816135197248313,0.0,0.0,347,138,Low
KANO_W061,Bunkure,Gurjiya,25989.094090223312,31,0.9202973837945216,0.8668322526420311,0.20467160668558076,1.6259919756018801,10.86349542372027,0.0,0.0,189,296,High
KANO_W062,Bunkure,Gwamma,25466.694618225098,41,0.7846260252757821,0.7881609047247905,0.3793048893115293,1.0579656286738375,9.63355449385756,0.0,0.0,277,208,Moderate
KANO_W063,Bunkure,Kulluwa,21825.624680042267,46,0.5127079052059398,0.6277581727843644,0.0,1.0631035049770132,6.375076545458543,5224.223664045334,23.936193078690916,438,47,Very Low
KANO_W064,Bunkure,Kumurya,41578.92378759384,38,0.9756094271227749,0.614453569591403,0.0882196857226214,1.4384172902150807,11.663275145531403,0.0,0.0,169,316,High
KANO_W065,Bunkure,Sanda,35920.06992530823,62,0.9933581612006083,0.9946238663504432,0.09921279203586489,1.6236483298119544,11.739733188615162,0.0,0.0,159,326,High
KANO_W066,Dala,Adakawa,19510.984001159668,4,0.847807714726174,0.8448232423684341,0.8365752207050969,0.9007690859023204,289.91597950505434,0.0,0.0,223,262,Moderate
KANO_W067,Dala,Bakin Ruwa,20582.47504425049,3,0.7857656939720015,0.8036915074019362,0.767198521488758,0.8365752207050969,276.565144777047,0.0,0.0,275,210,Moderate
KANO_W068,Dala,Dala,13835.651345729828,4,0.8350680741530817,0.7954829007840123,0.7452741399323336,0.8505950854859842,287.58254336203265,0.0,0.0,236,249,Moderate
KANO_W069,Dala,Dogon Nama,17537.00440311432,5,0.7689137857504337,0.767198521488758,0.7452741399323336,0.8036915074019362,271.27855375752466,0.0,0.0,294,191,Low
KANO_W070,Dala,Gobirawa,202097.43734645844,14,0.7465080047057516,0.7867523985434388,0.540335049296329,0.8648588254448853,231.88960853531364,0.0,0.0,313,172,Low
KANO_W071,Dala,Gwammaja,45086.135810136795,8,0.821322132534655,0.8044760926050043,0.5868187405850099,0.9007690859023204,281.26205415027977,0.0,0.0,248,237,Moderate
KANO_W072,Dala,Kabuwaya,7177.064601182938,2,0.843096515656941,0.8024928331744559,0.7543905808629275,0.8505950854859842,287.28523064605633,0.0,0.0,229,256,Moderate
KANO_W073,Dala,Kantudu,7311.206146240234,2,0.8395862735178978,0.8435851530955405,0.8365752207050969,0.8505950854859842,288.2147704603332,0.0,0.0,233,252,Moderate
KANO_W074,Dala,Kofar Mazugal,15307.040576696396,3,0.8880701196972737,0.8505950854859842,0.8306554732503558,0.9007690859023204,295.67039770554715,0.0,0.0,200,285,Moderate
KANO_W075,Dala,Kofar Ruwa,135677.9864835739,11,0.7480218534356032,0.7543905808629275,0.5868187405850099,0.8648588254448853,254.10845995624615,0.0,0.0,311,174,Low
KANO_W076,Dala,Madigawa,21879.958984375,3,0.7806435268225624,0.8036915074019362,0.7452741399323336,0.8365752207050969,274.81547600782733,0.0,0.0,284,201,Moderate
KANO_W077,Dala,Yalwa,10913.062141895292,2,0.7465705506611633,0.7562363307105457,0.7452741399323336,0.767198521488758,266.2956550280548,0.0,0.0,312,173,Low
KANO_W078,Dambatta,Ajumawa,55442.741149902344,56,0.7952880459026873,0.6564524465202293,0.3409720187110835,1.2805511275644024,16.239351413041415,0.0,0.0,269,216,Moderate
KANO_W079,Dambatta,Danbatta East,92805.13618087769,29,1.005015326963509,0.9201707612151963,0.4149737288794871,1.1680561215945724,26.680354798739213,0.0,0.0,155,330,High
KANO_W080,Dambatta,Danbatta West,82826.8969039917,43,1.0021824857676698,1.0121198924333803,0.4180100893349125,1.2337694456382138,26.01906812098569,0.0,0.0,157,328,High
KANO_W081,Dambatta,Fagwalawa,45192.51347398758,81,0.8847900782248346,0.7556316122184217,0.16422505814129268,1.5427267204364499,8.044952858592524,0.0,0.0,203,282,Moderate
KANO_W082,Dambatta,Goron Maje,28022.33770275116,70,1.0281047817899238,1.0237094734598389,0.0,1.60508685939212,3.452101799835714,2751.0862402915955,9.81747586326997,144,341,High
KANO_W083,Dambatta,Gwanda,31257.3174264431,72,0.9305069024946075,0.9218951332412229,0.20154825678442437,1.491096234878979,4.8021941077782975,0.0,0.0,183,302,High
KANO_W084,Dambatta,Gwarabjawa,73836.61919975281,118,0.7258577073534088,0.7252651349132262,0.1266818604655148,1.5012188207492632,8.482899518110475,0.0,0.0,327,158,Low
KANO_W085,Dambatta,Kore,34694.26978778839,69,1.1686304681232378,1.2010443493631806,0.0,2.0802369773971052,6.4803658476744,208.37273406982425,0.6005969727691655,96,389,Very High
KANO_W086,Dambatta,Saidawa,56500.86523294449,87,0.8814395520260849,0.6610129722432556,0.0,1.6665351526071381,8.99545467283966,457.51682233810425,0.809751886899133,206,279,Moderate
KANO_W087,Dambatta,San San,23166.29583621025,64,1.1819368780158455,0.9380664274550805,0.1810579765491613,1.8279661763097146,5.336475632005566,0.0,0.0,94,391,Very High
KANO_W088,Dawakin Kudu,Dabar Kwari,34017.96837592125,42,0.6328429780036152,0.632910375219632,0.0882196857226214,1.40142224236696,8.004629783435105,0.0,0.0,392,93,Very Low
KANO_W089,Dawakin Kudu,Danbagina,41607.82873606682,43,0.6261662979950804,0.5364979899387741,0.20820084488176535,0.9189699817491813,15.184608956323414,0.0,0.0,395,90,Very Low
KANO_W090,Dawakin Kudu,Dawaki,73490.75660037994,27,0.32454425151335137,0.3002023829277123,0.18915508775559156,0.4830008212182133,10.610015157776598,0.0,0.0,479,6,Very Low
KANO_W091,Dawakin Kudu,Dawakiji,63758.0076212883,50,0.3361807089116359,0.32669061161191926,0.0438120562331944,0.7203913478942884,11.248928596399672,0.0,0.0,476,9,Very Low
KANO_W092,Dawakin Kudu,Dosan,29937.709733963013,31,0.4545882129700336,0.471775486681474,0.23668263002883774,0.6124441288923098,5.482291960750489,0.0,0.0,455,30,Very Low
KANO_W093,Dawakin Kudu,Gano,45035.87121248245,36,0.6923686419508399,0.4110018220792569,0.0438120562331944,0.9002439200347078,13.550983255264788,0.0,0.0,354,131,Low
KANO_W094,Dawakin Kudu,Gurjiya,29122.107536792755,32,0.4516970503743583,0.35663977268890945,0.14908598976292112,0.6788719724176289,60.11680208828931,0.0,0.0,458,27,Very Low
KANO_W095,Dawakin Kudu,Jido,28748.975908994675,16,0.5426344056751963,0.4831304396370881,0.31726129633080125,0.7000953668482655,79.26356043094165,0.0,0.0,429,56,Very Low
KANO_W096,Dawakin Kudu,Tanburawa,59871.07987475395,33,0.4984906441655725,0.4178997313966781,0.20670913367060037,0.7028575224098474,44.728374887420195,0.0,0.0,446,39,Very Low
KANO_W097,Dawakin Kudu,Tsakuwa,60278.01387953758,44,0.42324394452517355,0.3505680974998993,0.0,0.6461924935570021,7.235947672518815,2036.9534027576447,3.3792642983035046,465,20,Very Low
KANO_W098,Dawakin Kudu,Unguwar Duniya,13425.575059175491,18,0.3216445716688554,0.2953024610577402,0.14882476524373345,0.5230762304916797,27.834900535488497,0.0,0.0,480,5,Very Low
KANO_W099,Dawakin Kudu,Yan Barau,14766.157083034515,37,0.26613632932456344,0.2706448182741284,0.14882476524373345,0.5015337555658785,10.055030445265428,0.0,0.0,483,2,Very Low
KANO_W100,Dawakin Kudu,Yankatsari,17537.378254890442,12,0.40272531104829196,0.3652924821120494,0.20086223919833404,0.5388695690405007,40.771410473872606,0.0,0.0,469,16,Very Low
KANO_W101,Dawakin Kudu,Yargaya,32991.90990900993,29,0.4567797930872427,0.3636705646535234,0.0,0.7665404261760415,24.934139000760783,241.0737886428833,0.7307057678920468,454,31,Very Low
KANO_W102,Dawakin Kudu,Zogarawa,14024.368523597717,20,0.4028808845273387,0.3717711653202966,0.13743331569595765,0.5737221000707625,21.311177446087047,0.0,0.0,468,17,Very Low
KANO_W103,Dawakin Tofa,Danguguwa,36233.21717572212,42,1.0519157685236855,0.9114413278125171,0.3906096360234662,2.138348255114226,37.338679810140036,0.0,0.0,131,354,High
KANO_W104,Dawakin Tofa,Dawaki East,27149.51277589798,24,2.3064689895523176,2.152846814043297,0.9149298649076187,2.5014895347282406,41.45634121834593,0.0,0.0,5,480,Very High
KANO_W105,Dawakin Tofa,Dawaki West,22233.994185447693,12,2.364769273300434,2.179655138942245,1.08666723347467,2.5049834919525753,42.78809517828485,0.0,0.0,3,482,Very High
KANO_W106,Dawakin Tofa,Dawanau,98071.73553156853,42,1.2847254352622366,1.15399602477649,0.46093039014137327,1.9325277084482055,87.02878278345737,0.0,0.0,75,410,Very High
KANO_W107,Dawakin Tofa,Ganduje,23467.54290318489,39,1.4789937315801198,1.3592325461569974,0.6341806171729096,2.346668817947467,16.092358421217124,0.0,0.0,36,449,Very High
KANO_W108,Dawakin Tofa,Gargari,43409.82552909851,47,1.7263654247173001,1.6694939441519314,1.1118760958563605,2.9871898134159593,22.43262271460057,0.0,0.0,17,468,Very High
KANO_W109,Dawakin Tofa,Jalli,40162.44495844841,45,1.2662104748377823,1.1404758354617701,0.32900685494792564,1.7050836905535418,33.34770224948417,0.0,0.0,77,408,Very High
KANO_W110,Dawakin Tofa,Kwa,28900.380245685577,43,1.241588230184381,1.1118760958563605,0.34005112161087164,2.01421998099753,16.632143538870718,0.0,0.0,84,401,Very High
KANO_W111,Dawakin Tofa,Marke,48419.74295783043,57,1.354687642773125,1.2881025706418914,0.12561567360041426,2.4866376884740022,18.979595712514776,0.0,0.0,51,434,Very High
KANO_W112,Dawakin Tofa,Tattarawa,29552.525358438492,55,0.9145029510059401,0.9673618200528311,0.4839472943469361,1.468929740547562,10.250496621773102,0.0,0.0,192,293,High
KANO_W113,Dawakin Tofa,Tumfafi,75784.21090984344,52,1.0252272358888124,0.5772083884815893,0.21353816890210373,1.5712960559584987,70.72956587519536,0.0,0.0,147,338,High
KANO_W114,Doguwa,Dadin Kowa,34138.73034656048,69,1.580259909853623,1.1951617932751681,0.245320516583559,2.957743909668276,7.248015462031195,0.0,0.0,29,456,Very High
KANO_W115,Doguwa,Dariyar Shere,15075.104060411453,83,2.124975863493167,2.098269227414681,0.0,3.7835899457250437,5.248116321989189,1940.4908654689789,12.872155692542636,8,477,Very High
KANO_W116,Doguwa,Dogon Kawo,22825.217678785324,49,0.8042525227308776,0.6173239135838438,0.12400776404689914,1.1854925959996367,5.700313089068291,0.0,0.0,260,225,Moderate
KANO_W117,Doguwa,Doguwa,26254.71422982216,27,1.042390650867556,1.1754732992615013,0.1585186852378816,2.3493457738070975,6.392432557770655,0.0,0.0,137,348,High
KANO_W118,Doguwa,Falgore,37270.93701219559,46,0.8000143892777202,0.715813992038608,0.3096486636673105,0.8153369139475669,5.865988835228809,0.0,0.0,265,220,Moderate
KANO_W119,Doguwa,Maraku,19388.52417564392,76,2.3302156523002724,1.9090586159924738,0.0,4.007327843407155,5.736231668617108,212.7555854320526,1.097327385543447,4,481,Very High
KANO_W120,Doguwa,Riruwai,21745.184274196625,89,1.2447964991623781,0.8138044175930966,0.0,2.098269227414681,2.768622213588129,355.1916115283966,1.633426541939568,82,403,Very High
KANO_W121,Doguwa,Tagwaye,19780.243477344513,61,1.521401180724583,1.3190418859336663,0.0,2.760801186425809,6.54929883098152,85.98271226882935,0.43468985792470377,33,452,Very High
KANO_W122,Doguwa,Unguwar Natsohuwa,14245.234813451767,66,1.0135045876296909,1.0387345683666065,0.0,1.9171580117248601,3.6931627054741325,1655.900626897812,11.624242412165406,153,332,High
KANO_W123,Doguwa,Zainabi,24553.090492010117,112,1.6244719321845618,1.559924661948008,0.0,3.1273746072466433,3.446928467617257,694.6968660354614,2.8293662920418288,24,461,Very High
KANO_W124,Fagge,Fagge A,21010.16823577881,7,0.859496176214369,0.8580972396144356,0.8004737595479902,0.9148781089385281,294.0514801072823,0.0,0.0,213,272,Moderate
KANO_W125,Fagge,Fagge B,4685.191780090332,2,0.8590146443240101,0.8730576228882744,0.8580972396144356,0.8880180061621131,294.1533056828796,0.0,0.0,214,271,Moderate
KANO_W126,Fagge,Fagge C,10101.682329177856,4,0.8807921629455486,0.8730576228882744,0.8306554732503558,0.9148781089385281,297.5640661873244,0.0,0.0,207,278,Moderate
KANO_W127,Fagge,Fagge D1,4411.782623291016,1,0.8580972396144356,0.8580972396144356,0.8580972396144356,0.8580972396144356,294.0,0.0,0.0,216,269,Moderate
KANO_W128,Fagge,Fagge D2,21891.856940746307,7,0.8129369595281581,0.8203110923684532,0.6022150090468169,0.9007690859023204,278.50919775049715,0.0,0.0,254,231,Moderate
KANO_W129,Fagge,Kwachiri,166962.76798653603,33,0.6840135437046407,0.6749516416287903,0.20851516242410562,0.8648588254448853,211.27241972552446,0.0,0.0,362,123,Low
KANO_W130,Fagge,Rijiyar Lemo,38690.50396347046,6,0.8127794041140658,0.8262693328045231,0.6749516416287903,0.8626483626238932,237.3893515763956,0.0,0.0,255,230,Moderate
KANO_W131,Fagge,Sabon Gari East,43938.46072053909,15,0.7664880696316698,0.7978429145911559,0.4945074434242457,0.9148781089385281,242.43605754459742,0.0,0.0,295,190,Low
KANO_W132,Fagge,Sabon Gari West,25856.611166000366,6,0.8329483702870405,0.8201135088705993,0.6022150090468169,0.897854823801133,282.6024790503192,0.0,0.0,239,246,Moderate
KANO_W133,Fagge,Yammata,51146.591917037964,6,0.756317365330971,0.7899320909514941,0.6749516416287903,1.1409248280887196,195.21774498865204,0.0,0.0,303,182,Low
KANO_W134,Gabasawa,Gabasawa,52927.088691949844,48,0.8333101670251656,0.8755330893051173,0.06854111888718102,1.0985202830199619,12.149198399126893,0.0,0.0,237,248,Moderate
KANO_W135,Gabasawa,Garun Danga,43471.14401483536,62,0.9876398993514003,0.838948816473184,0.30583905884001955,1.5017711521971027,9.460919383343432,0.0,0.0,165,320,High
KANO_W136,Gabasawa,Joda,28405.73940372467,50,0.4575326914918785,0.5525215580361563,0.0,0.7447783894699251,4.460966337329157,1057.1362693309784,3.7215587114495694,453,32,Very Low
KANO_W137,Gabasawa,Karmami,33564.32561326027,36,0.6366450903286391,0.5558683332539023,0.06854111888718102,1.0729350022108215,12.462920461268158,0.0,0.0,387,98,Low
KANO_W138,Gabasawa,Mekiya,47392.77117872238,60,0.6953736162302181,0.5191724839462604,0.262275304453601,1.2418490611887203,6.9369978011573386,0.0,0.0,352,133,Low
KANO_W139,Gabasawa,Tarauni,16585.90804719925,39,0.6116832446562622,0.6593628695511627,0.262275304453601,0.980936288189734,9.77576244628501,0.0,0.0,401,84,Very Low
KANO_W140,Gabasawa,Yautar Arewa,24548.45909166336,49,0.6828781909662445,0.7049366731065135,0.1061858440659543,1.3560142124603478,5.617165779901258,0.0,0.0,363,122,Low
KANO_W141,Gabasawa,Yautar Kudu,43056.72741103172,74,0.692185760273638,0.5791366982441819,0.06854111888718102,1.1959578495447079,12.109447899622035,0.0,0.0,355,130,Low
KANO_W142,Gabasawa,Yumbu,21010.183431625366,40,0.6106521348757382,0.39875262533716793,0.1061858440659543,1.3560142124603478,4.4468423868549545,0.0,0.0,402,83,Very Low
KANO_W143,Gabasawa,Zakirai,33067.387877225876,14,0.8719301396128271,0.8946924308385289,0.3719040381737682,1.0729350022108215,13.341393177425559,0.0,0.0,211,274,Moderate
KANO_W144,Gabasawa,Zugachi,34554.24743318558,27,0.6673866018657885,0.5339704144194605,0.1288392595203522,0.9484203162527534,9.976935286276763,0.0,0.0,375,110,Low
KANO_W145,Garko,Dal,25683.29281592369,37,1.0220378576837996,0.7162852136155184,0.16938395088035518,1.262855924841877,7.905359507976986,0.0,0.0,151,334,High
KANO_W146,Garko,Garin Ali,28029.41776585579,41,0.39663813567312595,0.33556741143975105,0.1405977978628732,1.0888551318987036,4.005484655435843,0.0,0.0,471,14,Very Low
KANO_W147,Garko,Garko,61503.04936790466,35,0.9268147608992169,1.4658367333418825,0.6398764570458105,2.103922285196318,13.061241345059257,0.0,0.0,187,298,High
KANO_W148,Garko,Gurjiya,31266.79181075096,49,0.7739829833232572,0.7898451118229969,0.043855075182822494,2.103922285196318,10.266780406005426,0.0,0.0,288,197,Moderate
KANO_W149,Garko,Kafin Malamai,35540.994270563126,52,0.7956480524912589,0.6412891768321134,0.12925619808794375,1.5139559755127057,15.425973364402418,0.0,0.0,268,217,Moderate
KANO_W150,Garko,Katumari,21477.0840280056,31,0.703926260101024,0.6177486678583569,0.17521188466641818,1.1470137729002634,10.793642490714337,0.0,0.0,343,142,Low
KANO_W151,Garko,Kwas,26535.08460044861,65,0.8920494705517663,0.8680995807418889,0.1405977978628732,1.6797983985453402,5.565223716058875,0.0,0.0,199,286,Moderate
KANO_W152,Garko,Raba,32359.28558063507,57,0.570247163499674,0.4462902160469155,0.26865432699689074,1.4182345835085537,7.210465126471317,0.0,0.0,418,67,Very Low
KANO_W153,Garko,Sarina,34067.781299591064,46,0.7426631778106914,0.8191834345342759,0.15194385408542,2.103922285196318,11.770073729889626,0.0,0.0,316,169,Low
KANO_W154,Garko,Zakarawa,44037.64643788338,85,0.6912870197248913,0.5695579520569614,0.0,2.103922285196318,6.100853903670711,2194.6642248630524,4.983609257953197,356,129,Low
KANO_W155,Garum Mallam,Chiromawa,39495.024658203125,14,1.6711796493653424,1.5763856435472292,0.0,1.8001015257076012,26.21845044381608,112.05966186523438,0.28373108469995484,23,462,Very High
KANO_W156,Garum Mallam,Dakasoye,27249.177635908127,21,1.2985435723063772,1.0831750004827372,0.6124967056884861,2.1384775570415364,26.588187999519878,0.0,0.0,71,414,Very High
KANO_W157,Garum Mallam,Dorawar Sallau,16789.279750347137,7,1.8197212440245136,1.6083266820213349,1.4952689651813043,1.9242300807519614,33.373062149872155,0.0,0.0,16,469,Very High
KANO_W158,Garum Mallam,Fankurun,9915.744256734848,23,1.2426572293145166,1.1850548120568383,0.5268883256265281,1.741426455236175,18.611846122036745,0.0,0.0,83,402,Very High
KANO_W159,Garum Mallam,Garun Babba,22145.97734260559,34,1.0269101703812726,1.0396913214617873,0.0,1.380448122438629,14.036157109664432,291.3103313446045,1.3154096874476904,146,339,High
KANO_W160,Garum Mallam,Garun Malam,28762.40452694893,11,1.343453112901799,1.1850548120568383,0.8316420792010326,1.3814046607676491,20.34002539084539,0.0,0.0,56,429,Very High
KANO_W161,Garum Mallam,Jobawa,16439.13120532036,20,0.675003180497032,0.7250161867369217,0.3059293036860287,1.3485476263884075,7.300786703251255,0.0,0.0,370,115,Low
KANO_W162,Garum Mallam,Kadawa,20430.679079532623,35,0.9074256227395238,0.7382502903915342,0.348532087436306,1.9242300807519614,16.171296273531755,0.0,0.0,196,289,Moderate
KANO_W163,Garum Mallam,Makwaro,25820.67198586464,33,1.1095665755794126,1.1565759598119003,0.5712790848276401,2.0735466996082885,14.916806222446416,0.0,0.0,112,373,High
KANO_W164,Garum Mallam,Yada Kwari,20909.921885967255,8,1.710853033775767,1.741426455236175,1.2163686560216034,2.1384775570415364,30.41214983175153,0.0,0.0,18,467,Very High
KANO_W165,Gaya,Balan,30474.14916396141,56,0.5392982567827976,0.5915532160217506,0.07698040839836305,0.9967138768115644,6.213848264487807,0.0,0.0,431,54,Very Low
KANO_W166,Gaya,Gamarya,19484.152621507645,27,0.5071472651357367,0.5257995343211009,0.19558327617691385,0.7499642184076677,7.089856139119723,0.0,0.0,443,42,Very Low
KANO_W167,Gaya,Gamoji,20930.187529325485,55,0.42849516367257784,0.3572654822202242,0.0,0.6755932275158911,1.9182056486550327,3527.621257543564,16.8542267124983,464,21,Very Low
KANO_W168,Gaya,Gaya North,84436.5729906559,87,0.6793048085298212,0.6537033285479494,0.0,0.9997193131039016,14.743219839436053,802.0461657047272,0.9498800546932251,365,120,Low
KANO_W169,Gaya,Gaya South,60222.25958275795,13,0.5941458300967192,0.5458836817296067,0.25937847968239347,0.7467483568039875,13.60454378026176,0.0,0.0,411,74,Very Low
KANO_W170,Gaya,Kademi,56489.81666302681,44,0.9289452225983144,0.8704379500047648,0.2122649952265559,1.4735201011538108,13.597095416330617,0.0,0.0,185,300,High
KANO_W171,Gaya,Kazurawa,36138.66147708893,73,0.6990385423968412,0.6324183167395742,0.07698040839836305,1.0618056384545793,7.187224314667372,0.0,0.0,348,137,Low
KANO_W172,Gaya,Maimakawa,49401.224858284,113,0.9751188758231382,0.8446085288387453,0.17221614251879613,2.131809761791,3.8963948698173976,0.0,0.0,170,315,High
KANO_W173,Gaya,Shagogo,51781.8307390213,78,0.6648379062764658,0.523668278475998,0.07698040839836305,1.0989649030555564,14.46667398736786,0.0,0.0,378,107,Low
KANO_W174,Gaya,Wudilawa,20884.108263015747,23,0.8681115941478701,0.9078040655562096,0.40959574773650237,1.3382329532347843,19.858522549956135,0.0,0.0,212,273,Moderate
KANO_W175,Gezawa,Babawa,86329.19391274452,44,0.3988317334192023,0.3185197056487835,0.09710893281507392,0.6002393856693825,91.54353897045642,0.0,0.0,470,15,Very Low
KANO_W176,Gezawa,Gawo,22370.71760725975,23,0.5996478466476541,0.617792734901084,0.2123523634555698,0.8713219894713327,13.603029811386374,0.0,0.0,406,79,Very Low
KANO_W177,Gezawa,Gezawa,42951.56576991081,25,0.8105799465791089,0.7321491012096782,0.3130986301749095,0.9490271165342768,20.365236476652882,0.0,0.0,258,227,Moderate
KANO_W178,Gezawa,Jogana,81403.46664071083,31,0.6588186085711144,0.5163592810046211,0.2679731693253748,0.8331745677275579,33.03043357141029,0.0,0.0,380,105,Low
KANO_W179,Gezawa,Ketawa,63508.14157438278,43,0.64226185900551,0.625313000755397,0.4913137166748823,0.9490271165342768,20.562685868912904,0.0,0.0,384,101,Low
KANO_W180,Gezawa,Mesar Tudu,38385.3818693161,37,0.5188099754736206,0.5242748616343323,0.23856962968388587,0.8500710537488495,13.755931314534198,0.0,0.0,437,48,Very Low
KANO_W181,Gezawa,Sararin Gezawa,26853.15255689621,13,0.7450234318346265,0.6227156855281447,0.49915256171016975,0.8686805685192039,19.890002388469668,0.0,0.0,314,171,Low
KANO_W182,Gezawa,Tsamiya Babba,128425.96181225777,55,0.4537222196620483,0.41024013811169424,0.16066320360448216,0.6747225585956003,103.34971313890685,0.0,0.0,456,29,Very Low
KANO_W183,Gezawa,Tumbau,24141.225328445435,37,0.5193728364337887,0.6015237716888351,0.1773979724831399,0.7769987028005505,6.614949725541189,0.0,0.0,435,50,Very Low
KANO_W184,Gezawa,Wangara,38648.41859912872,40,0.6222729835286409,0.5441114833820246,0.08208698045462408,1.054646776743788,15.520375627268542,0.0,0.0,397,88,Very Low
KANO_W185,Gezawa,Zango,66622.09300208092,44,0.40322550154453707,0.3865568815174181,0.23752724492233424,0.6796525771208736,16.000332200354396,0.0,0.0,467,18,Very Low
KANO_W186,Gwale,Dandago,11300.713973999023,4,0.793434304548492,0.795517608776205,0.767198521488758,0.8232118480919984,280.1973439594084,0.0,0.0,271,214,Moderate
KANO_W187,Gwale,Diso,11166.22183227539,3,0.8500720144999264,0.8140589953540275,0.787343710150474,0.8610440359087459,292.8547757982769,0.0,0.0,221,264,Moderate
KANO_W188,Gwale,Dorayi,364719.1042802334,34,0.6364269313295727,0.639166485341903,0.5000623310575752,0.8729903142631521,205.19697018537954,0.0,0.0,388,97,Very Low
KANO_W189,Gwale,Galadanchi,22005.9769744873,2,0.8003360692349254,0.8241938730296099,0.787343710150474,0.8610440359087459,281.82058109258617,0.0,0.0,264,221,Moderate
KANO_W190,Gwale,Goron Dutse,16381.674552679062,4,0.7642598907639895,0.7515477158960613,0.728202278283518,0.7932988808784499,259.8581059097941,0.0,0.0,298,187,Low
KANO_W191,Gwale,Gwale,14429.323318004608,3,0.7836509021222196,0.787343710150474,0.759594491399941,0.8232118480919984,278.0229387934162,0.0,0.0,279,206,Moderate
KANO_W192,Gwale,Gyaranya,13923.644790649414,2,0.8012162424363175,0.7854450144453471,0.767198521488758,0.8036915074019362,282.1860578452503,0.0,0.0,262,223,Moderate
KANO_W193,Gwale,Kabuga,122864.51647615433,20,0.6282724298351448,0.6576479968430236,0.4181841778898071,0.8729903142631521,215.12938418313865,0.0,0.0,394,91,Very Low
KANO_W194,Gwale,Mandawari,18334.27052307129,2,0.8016492154765067,0.795517608776205,0.787343710150474,0.8036915074019362,282.50028939213894,0.0,0.0,261,224,Moderate
KANO_W195,Gwale,Sani Mai Nagge,42695.18185162544,8,0.8070929882247989,0.7908890391730428,0.759594491399941,0.8232118480919984,277.73537394742823,0.0,0.0,259,226,Moderate
KANO_W196,Gwarzo,Getso,46848.29147553444,26,1.4930073001010002,1.0717779279490864,0.5734804456615337,2.011019352262129,24.667612444329933,0.0,0.0,35,450,Very High
KANO_W197,Gwarzo,Gwarzo,34334.948858737946,6,1.0073446983926289,0.9749578690056202,0.6798075689584281,1.349481500251858,21.020916490377246,0.0,0.0,154,331,High
KANO_W198,Gwarzo,Jama'A,11535.081839323044,37,1.3478547425387721,1.3122889613048034,0.5873449155679857,1.910281585961854,8.311784146723637,0.0,0.0,52,433,Very High
KANO_W199,Gwarzo,Kara,35663.72525191307,55,1.1492307120251264,1.133234038356575,0.5657994457366731,1.9744577035679565,14.717100964772445,0.0,0.0,100,385,High
KANO_W200,Gwarzo,Kutama,51635.00675821304,61,1.022326637305275,1.0211115298070113,0.42876214990681094,1.8013887214817368,17.37341596440562,0.0,0.0,150,335,High
KANO_W201,Gwarzo,Lakwaya,70697.78695869446,104,0.8161472512287847,0.6965616204568136,0.11510425520780437,1.4276980356660955,12.191591106870188,0.0,0.0,252,233,Moderate
KANO_W202,Gwarzo,Madadi,37764.86453819275,62,0.8327346667965383,0.7680286597319035,0.3616123349598421,1.3858324129241006,8.040358140645708,0.0,0.0,240,245,Moderate
KANO_W203,Gwarzo,Mainika,22412.895735025406,58,0.7739787029798421,0.6552628297455962,0.24166490792738257,1.26813803824649,11.817175164535946,0.0,0.0,289,196,Moderate
KANO_W204,Gwarzo,Sabon Birni,21694.23192834854,51,1.357584835716715,1.3922885494736676,0.24892663019124514,2.034930790430901,14.238497116595509,0.0,0.0,50,435,Very High
KANO_W205,Gwarzo,Unguwar Tudu,42029.64623093605,71,0.7709387662929097,0.6024785609300036,0.24892663019124514,1.3778190361135136,13.256406919362476,0.0,0.0,292,193,Low
KANO_W206,Kabo,Dugabau,20947.9741666317,34,0.5300516374543411,0.45741539656905666,0.18519309815925933,1.3388550698474881,3.9583454750730906,0.0,0.0,433,52,Very Low
KANO_W207,Kabo,Durun,16994.924002170563,33,1.4072371483475463,1.2748176681197767,0.7711264961988372,2.259223382000982,10.629543614549734,0.0,0.0,46,439,Very High
KANO_W208,Kabo,Gammo,23415.953518867493,52,0.7857680669815689,0.6839731984149939,0.1105389796018566,1.7517901405073246,8.81342977506347,0.0,0.0,274,211,Moderate
KANO_W209,Kabo,Garo,68251.44174146652,46,1.3344496154244165,1.2232468285341422,0.3616123349598421,1.6228361488408005,22.397233108995152,0.0,0.0,59,426,Very High
KANO_W210,Kabo,Godiya,47544.993824481964,72,1.0405033956777336,0.9549110359763258,0.24843731291290605,1.7225324939746793,16.824721288344705,0.0,0.0,139,346,High
KANO_W211,Kabo,Gude,26724.13530445099,40,1.034611238676984,0.8955531763948339,0.17390606850212148,1.5409095439151195,16.216448881364624,0.0,0.0,140,345,High
KANO_W212,Kabo,Hawadin Galadima,12261.558168411255,28,1.4442519528043714,1.5497846737426375,0.7433613443146699,1.6918163863338458,9.553503396075335,0.0,0.0,42,443,Very High
KANO_W213,Kabo,Kabo,39269.683455228806,37,2.226283440149577,1.6428207179897385,0.7130617584787323,2.7437521207859046,19.456376887191958,0.0,0.0,6,479,Very High
KANO_W214,Kabo,Kanwa,18964.09841442108,37,1.0900306528302832,1.0610203455282845,0.1105389796018566,1.7983398111306361,11.077281332672403,0.0,0.0,121,364,High
KANO_W215,Kabo,Masanawa,17363.239748954773,38,0.44223430673474257,0.28380910342946297,0.18519309815925933,1.6454307088280655,3.1171514341451374,0.0,0.0,461,24,Very Low
KANO_W216,Kano Municipal,Chedi,17088.220916748047,2,0.8420750977190484,0.8452936725482252,0.839051399250884,0.8515359458455665,290.7265858904605,0.0,0.0,230,255,Moderate
KANO_W217,Kano Municipal,Dan Agundi,13177.079011201859,4,0.8180613447818463,0.8239671274846814,0.7769673249722051,0.8610440359087459,286.8395906563869,0.0,0.0,251,234,Moderate
KANO_W218,Kano Municipal,Gandu Albasa,63552.255291461945,13,0.7403553076466246,0.7583942975590571,0.6207684173541003,0.8349560066775054,268.5206354220611,0.0,0.0,319,166,Low
KANO_W219,Kano Municipal,Jakara,10346.181594848633,3,0.83648573483416,0.8365752207050969,0.8036915074019362,0.839051399250884,288.1525934832307,0.0,0.0,235,250,Moderate
KANO_W220,Kano Municipal,Kan Karofi,22157.384843349457,3,0.8396647013906963,0.8349560066775054,0.8338752596153354,0.8610440359087459,291.0495022610693,0.0,0.0,232,253,Moderate
KANO_W221,Kano Municipal,Shahuchi,15298.19793319702,1,0.8515359458455665,0.8515359458455665,0.8515359458455665,0.8515359458455665,293.0,0.0,0.0,220,265,Moderate
KANO_W222,Kano Municipal,Sharada,59435.54341816902,7,0.7486892468932581,0.7644325092284786,0.7222285399585268,0.8140589953540275,267.65552101914875,0.0,0.0,310,175,Low
KANO_W223,Kano Municipal,She She,10644.321807861328,2,0.8365969955186175,0.8276137266237513,0.8036915074019362,0.8515359458455665,289.8775994007015,0.0,0.0,234,251,Moderate
KANO_W224,Kano Municipal,Tudun Nufawa,9268.949157714844,4,0.8204398027297942,0.8378133099779905,0.8036915074019362,0.8515359458455665,286.2579167670947,0.0,0.0,249,236,Moderate
KANO_W225,Kano Municipal,Tudun Wazurchi,23992.487313985825,3,0.8585179814300966,0.8515359458455665,0.8140589953540275,0.8610440359087459,294.4964798261434,0.0,0.0,215,270,Moderate
KANO_W226,Kano Municipal,Yakasai,27750.157355308533,6,0.8442032104928738,0.8473457475496184,0.8338752596153354,0.867210380795598,292.0169662603287,0.0,0.0,227,258,Moderate
KANO_W227,Kano Municipal,Zaitawa,28596.736989974976,4,0.8464460397082177,0.8485743194326598,0.8365752207050969,0.9007690859023204,291.23471902221803,0.0,0.0,224,261,Moderate
KANO_W228,Kano Municipal,Zango,18466.421295166016,4,0.8463051967273023,0.8473457475496184,0.839051399250884,0.8580972396144356,292.0939629507817,0.0,0.0,225,260,Moderate
KANO_W229,Karaye,Daura,20978.516822338104,46,1.3162663699052526,1.3025233565955738,0.3080616259079277,2.027912414104166,14.57121470285215,0.0,0.0,63,422,Very High
KANO_W230,Karaye,Kafin Dabga,23176.963044166565,50,0.991471227447916,0.8174687839837376,0.26474241546727323,2.0045679317887384,8.64488332382257,0.0,0.0,162,323,High
KANO_W231,Karaye,Kurugu,20579.937150001526,33,1.3359529185757373,1.3027286527558775,0.4206535592962722,2.034930790430901,17.37202414961239,0.0,0.0,58,427,Very High
KANO_W232,Karaye,Kwanyawa,28291.342821121216,71,1.3008870835028428,1.2427131457160174,0.5873449155679857,2.0135622178484507,9.106111071608035,0.0,0.0,67,418,Very High
KANO_W233,Karaye,Magaji Hajji,24853.62136054039,38,1.4718210483556218,1.4956778816570522,0.5885886269743743,1.933663897998821,20.663263142491967,0.0,0.0,38,447,Very High
KANO_W234,Karaye,Magajin Gari,33174.80266427994,13,1.4612347019630743,1.3879761070888683,1.2465740915822403,1.8524266872938653,21.38687565371293,0.0,0.0,39,446,Very High
KANO_W235,Karaye,Tudun Kaya,23715.160064458847,51,0.9551221921488925,0.9613595687211137,0.43339079943181646,1.5984919731615006,6.752113967527136,0.0,0.0,173,312,High
KANO_W236,Karaye,Turawa,32651.643099546432,54,0.6854623812974316,0.7571331558612702,0.10435524292114742,1.8524266872938653,8.125006169207493,0.0,0.0,361,124,Low
KANO_W237,Karaye,Yammedi,20860.11385035515,42,1.298034716743698,0.9067384953722974,0.5051461022142121,2.161205708958761,12.88381766996053,0.0,0.0,72,413,Very High
KANO_W238,Karaye,Yola,11230.604593515396,32,1.0338814366200049,0.9045626787572353,0.40182631899327187,1.831615288143572,8.783004105182872,0.0,0.0,141,344,High
KANO_W239,Kibiya,Durba,14227.265533208847,26,1.4477542097536236,1.4533558576015166,0.5984727475815823,2.068190127232312,14.17204818143231,0.0,0.0,41,444,Very High
KANO_W240,Kibiya,Fammar,21177.797415733337,53,1.0496954091833681,0.981203952352101,0.16938395088035518,1.635936527404798,8.365964847560859,0.0,0.0,132,353,High
KANO_W241,Kibiya,Fassi,48668.62436294556,84,0.6681164207351673,0.6498621830620415,0.09883322941851659,1.4026680778663327,5.9527495122100165,0.0,0.0,374,111,Low
KANO_W242,Kibiya,Kadigawa,9896.152205228806,26,1.2301309559280245,1.1926998363052794,0.2420204718127549,1.7661266651040863,9.503436562089256,0.0,0.0,87,398,Very High
KANO_W243,Kibiya,Kahu,41642.989876031876,81,0.7211458662069419,0.7138017586791365,0.23691346565370702,1.5299283073643817,10.061315540350098,0.0,0.0,332,153,Low
KANO_W244,Kibiya,Kibiya 1,25239.913744449615,7,1.34398931227781,1.4405213400007548,0.969802885220088,1.5919712503616834,18.90790125407745,0.0,0.0,55,430,Very High
KANO_W245,Kibiya,Kibiya 2,16369.628731250763,22,1.3441869615301798,1.2805272813323312,0.7521867822927024,1.498725467496737,16.694526931362187,0.0,0.0,54,431,Very High
KANO_W246,Kibiya,Nariya,22977.379840135574,46,1.0535490572779898,1.1201803142039246,0.4678121435604574,2.116480898276314,14.650453665551355,0.0,0.0,130,355,High
KANO_W247,Kibiya,Tarai,25802.037469625473,41,1.030680197122557,0.9477883698357887,0.0,1.5299283073643817,12.051634349812623,347.1725337505341,1.3455237174941344,143,342,High
KANO_W248,Kibiya,Unguwar Gai,21078.79191470146,47,1.115627185968668,0.9946238663504432,0.56158528103731,1.9893984125299267,11.718275896481304,0.0,0.0,108,377,High
KANO_W249,Kiru,Baawa,45581.84206485748,150,0.5729218637001692,0.5643232736776109,0.0,1.576562620743611,1.5648480370903224,4377.675413608551,9.603989692605325,415,70,Very Low
KANO_W250,Kiru,Badafi,49897.09845435619,163,0.9007029791907534,0.6770456287758877,0.0,2.116158154318113,7.347848458308682,16.961720943450928,0.03399340135772987,198,287,Moderate
KANO_W251,Kiru,Bargoni,49621.100811719894,81,0.9339082048094536,0.890566086451718,0.045801705924860284,1.8859691640905911,8.972052233172656,0.0,0.0,181,304,High
KANO_W252,Kiru,Bauda,17257.104536533356,28,0.4789319407924494,0.5141654756576741,0.0,0.6024981556979738,4.160148100991731,1039.3984580039978,6.023017684128802,450,35,Very Low
KANO_W253,Kiru,Dangora,33435.30783319473,64,0.6950244223923459,0.6062458565564308,0.0501692982355463,1.012239347066,7.607815775765687,0.0,0.0,353,132,Low
KANO_W254,Kiru,Dansoshiya,17936.17236971855,65,1.189255358493591,1.012239347066,0.0,1.7726907671436465,2.1739263615935274,82.99487781524658,0.4627234624225955,92,393,Very High
KANO_W255,Kiru,Dashi,11485.352670431137,26,1.2659666630882471,1.331170986176676,0.6691163815386864,1.7065124577878183,15.073060617152612,0.0,0.0,78,407,Very High
KANO_W256,Kiru,Galadimawa,13565.169162273407,32,0.8723542387654691,0.8228326789415767,0.449115493947079,1.4113204523943979,7.78050609379956,0.0,0.0,210,275,Moderate
KANO_W257,Kiru,Kiru,71204.89597964287,45,1.1484236741469434,1.1359606026166609,0.33478455488828124,1.7065124577878183,14.400142491848609,0.0,0.0,101,384,High
KANO_W258,Kiru,Kogo,23040.690415382385,37,0.6024964656190285,0.49150332243041145,0.0501692982355463,1.4794475636883893,7.331256337794185,0.0,0.0,405,80,Very Low
KANO_W259,Kiru,Maraku,23669.96942639351,55,0.7612660596753988,0.7263692890701952,0.0,1.261527508297814,9.288126212923698,352.3076376914978,1.4884161079593645,300,185,Low
KANO_W260,Kiru,Tsaudawa,11463.591928958893,21,1.1941066731263463,1.261527508297814,0.09929235182853363,1.7621135817328684,13.302259473671226,0.0,0.0,91,394,Very High
KANO_W261,Kiru,Yako,26821.408928632736,29,0.9912682729274785,0.8114270425793315,0.09929235182853363,1.4794475636883893,11.072601234306788,0.0,0.0,163,322,High
KANO_W262,Kiru,Yalwa,69497.12743091583,81,0.7223095240921263,0.5995386946782533,0.0,1.3746505611065152,10.108790485873792,990.7670230865479,1.4256229857434433,331,154,Low
KANO_W263,Kiru,Zuwo,23033.242586374283,39,0.9919395625065622,0.890566086451718,0.45741539656905666,1.5945328791772224,6.335665058678517,0.0,0.0,161,324,High
KANO_W264,Kumbotso,Chalawa,43289.80251598358,37,0.4994765070019012,0.4854339110690784,0.12917762883366127,0.7361923862855599,54.42833081597483,0.0,0.0,444,41,Very Low
KANO_W265,Kumbotso,Chiranchi,198925.14441156387,25,0.536329399238654,0.4612993520324805,0.28765038117200586,0.7339492330993262,159.02229947064149,0.0,0.0,432,53,Very Low
KANO_W266,Kumbotso,Dan Maliki,278711.66805434227,24,0.5927810779288627,0.5640287337936463,0.46036357831045494,0.743566017035701,212.2949857684419,0.0,0.0,412,73,Very Low
KANO_W267,Kumbotso,Danbare,114465.84750008583,33,0.5534720904213355,0.5264590821371647,0.33020151213081483,0.8122944333407699,133.59701645461618,0.0,0.0,425,60,Very Low
KANO_W268,Kumbotso,Garun Gawa,83048.29761075974,29,0.5706032527941662,0.52660957454076,0.35465979134969605,0.7456993270603139,191.9495411845046,0.0,0.0,417,68,Very Low
KANO_W269,Kumbotso,Kumbotso,39396.39269900322,21,0.33041454864982406,0.3103149136305322,0.20706071539110998,0.46733338595042057,53.489523232726185,0.0,0.0,478,7,Very Low
KANO_W270,Kumbotso,Kureken Sani,60094.16771411896,22,0.5189590083427608,0.5563211366403505,0.3816413429001567,0.7212417873744782,137.10700515568863,0.0,0.0,436,49,Very Low
KANO_W271,Kumbotso,Mariri,140039.119617939,35,0.6090563617502527,0.49731804579116545,0.3263379584625546,0.8026855628696731,163.10271338727233,0.0,0.0,403,82,Very Low
KANO_W272,Kumbotso,Naibawa,171205.67027902603,32,0.5991082680985982,0.5698466248445719,0.20706071539110998,0.8019932875272873,177.14944023769544,0.0,0.0,408,77,Very Low
KANO_W273,Kumbotso,Panshekara,101506.53032851219,25,0.3908790740722052,0.3189017420742185,0.12917762883366127,0.47250948290535844,56.50290315922478,0.0,0.0,472,13,Very Low
KANO_W274,Kumbotso,Unguwar Rimi,42530.13511133194,31,0.4683986939228778,0.4382869321736363,0.3549062655740707,0.8019932875272873,91.21479025652172,0.0,0.0,452,33,Very Low
KANO_W275,Kunchi,Bumai,15435.597174167633,61,1.4104999007605634,1.5501229103594596,0.16313256285248937,3.3509214878839297,9.41073938632864,0.0,0.0,45,440,Very High
KANO_W276,Kunchi,Garun Sheme,12664.605396032333,33,0.7720324780974565,0.7426885216467137,0.2938300898803413,2.0174695231379043,5.209609223784839,0.0,0.0,291,194,Low
KANO_W277,Kunchi,Gwarmai,35510.20523071289,77,1.0461033814400398,1.1089309898453497,0.2098692643323953,2.126394503797614,8.617732698698461,0.0,0.0,134,351,High
KANO_W278,Kunchi,Kasuwar Kuka,28648.821222305298,46,1.3188571905804622,1.3421700334394457,0.6744708804231118,1.5628878293439759,10.276036800313772,0.0,0.0,62,423,Very High
KANO_W279,Kunchi,Kunchi,19424.309900283813,37,1.5721771599586551,1.5316246903857023,0.8938612071575776,3.42523614478414,8.864406905430961,0.0,0.0,31,454,Very High
KANO_W280,Kunchi,Matan Fada,22818.778262138367,55,1.9007545773263699,1.7767729683180398,0.4484852132948879,3.42523614478414,4.826815650888459,0.0,0.0,14,471,Very High
KANO_W281,Kunchi,Ridawa,13479.20402765274,23,1.2994933140701541,1.3186080549266288,0.644774277583309,1.5344725617161556,8.526345137169484,0.0,0.0,70,415,Very High
KANO_W282,Kunchi,Shamakawa,22933.429236888885,59,1.2497528189627403,1.3305925919052688,0.2565011276652535,2.0174695231379043,6.625859798612953,0.0,0.0,80,405,Very High
KANO_W283,Kunchi,Shuwaki,34506.36552619934,83,1.5919716481865873,1.551986185304994,0.25511087785833164,3.3509214878839297,10.429927048609676,0.0,0.0,28,457,Very High
KANO_W284,Kunchi,Yandadi,25727.139482975006,50,1.6801004014202319,1.3880434638060708,0.2565011276652535,2.3843553671452975,11.187221894850337,0.0,0.0,21,464,Very High
KANO_W285,Kura,Dalili,24966.067092895508,17,1.5280643476926974,1.4836969631251116,0.1592390844482107,2.0735466996082885,29.247272815940143,0.0,0.0,32,453,Very High
KANO_W286,Kura,Dan Hassan,36843.61116313934,32,0.7941196583584027,0.7793370983018629,0.21495026690765964,1.0855757742665877,15.665254870788454,0.0,0.0,270,215,Moderate
KANO_W287,Kura,Dukawa,23535.37387251854,21,0.7209780899507836,0.7487379884358155,0.2758414188179141,0.8427298170262061,5.881327133116674,0.0,0.0,334,151,Low
KANO_W288,Kura,Gundutse,20832.010462760925,11,0.6711367824399423,0.6467638604774015,0.4380705187968873,0.9565787803590434,27.286994750387134,0.0,0.0,373,112,Low
KANO_W289,Kura,Karfi,40829.94744992256,23,0.7404152800474586,0.5953313425361348,0.21660401703579554,1.0855757742665877,26.085753754994116,0.0,0.0,318,167,Low
KANO_W290,Kura,Kosawa,27897.959646701813,34,0.8218302273156295,0.8503283124827653,0.33297690281046327,1.5886722125659511,17.266208562997466,0.0,0.0,247,238,Moderate
KANO_W291,Kura,Kura Sarki,39541.50338768959,4,1.2015513776759146,1.1782040342798148,1.1240725547511006,1.2332732800287225,28.857845632571788,0.0,0.0,89,396,Very High
KANO_W292,Kura,Kurun Sumau,32261.195496559143,4,1.3478461018009025,1.6253421614989567,1.2332732800287225,1.8628849629633102,31.60778880851847,0.0,0.0,53,432,Very High
KANO_W293,Kura,Rigar Duka,30873.55360198021,30,0.7759802298123607,0.7468751467490073,0.31377571491520684,1.8628849629633102,19.170356211833077,0.0,0.0,287,198,Moderate
KANO_W294,Kura,Tanawa,14539.181217670442,4,1.2518700735685142,1.315831088530953,1.1998321087477293,1.531486862502546,30.55319307210879,0.0,0.0,79,406,Very High
KANO_W295,Madobi,Burji,14089.39015007019,18,0.5734981834129239,0.5111347308960486,0.3671319431957333,0.9519235682975381,21.9975635429203,0.0,0.0,414,71,Very Low
KANO_W296,Madobi,Cinkoso,7920.3715624809265,10,0.38730816926704825,0.41178915792895693,0.22364051519308123,0.5083700913965805,4.092368167313636,0.0,0.0,473,12,Very Low
KANO_W297,Madobi,Galinja,6475.866956472397,5,0.22031779718786554,0.22114943275077248,0.21660401703579554,0.23436079783337743,7.729848149881377,0.0,0.0,484,1,Very Low
KANO_W298,Madobi,Gora,39827.11561369896,64,0.8249610676837719,0.7370243075776308,0.0592545974495015,1.8002271457132917,10.060217213932562,0.0,0.0,244,241,Moderate
KANO_W299,Madobi,Kafin Agur,15162.483126878738,20,0.7385373410712625,0.8207641045156242,0.431768729594843,0.9318992177561505,14.800779816453566,0.0,0.0,320,165,Low
KANO_W300,Madobi,Kanwa,28439.945814609528,28,0.29654659931031674,0.3069601501717347,0.12952030739187154,0.8919490051781577,8.722917913632338,0.0,0.0,481,4,Very Low
KANO_W301,Madobi,Kauran Mata,20460.010513067245,17,0.2798742305009816,0.23436079783337743,0.17679444102420697,0.3597002683886569,12.732093826688777,0.0,0.0,482,3,Very Low
KANO_W302,Madobi,Kubaraci,43701.88676786423,53,1.0583920990478777,1.0479438833221877,0.1592390844482107,2.2870635392738152,8.931032392119059,0.0,0.0,127,358,High
KANO_W303,Madobi,Kwankwaso,39595.781901836395,41,0.6219268349074375,0.48527532784614075,0.12952030739187154,1.0351296537028898,9.676577440913354,0.0,0.0,398,87,Very Low
KANO_W304,Madobi,Madobi,35583.91522574425,27,1.1121799988997343,1.1564353425819114,0.3165358254819694,1.412214844179222,12.444098102883727,0.0,0.0,110,375,High
KANO_W305,Madobi,Rikadawa,26201.40384197235,36,0.918276006647225,1.0479438833221877,0.2560985685509995,1.7479266648995462,5.945747378673533,0.0,0.0,190,295,High
KANO_W306,Madobi,Yakun,7159.754047870636,10,1.300709035750637,1.2183139573953126,0.6853418309871928,1.6293159543694746,14.118505317500468,0.0,0.0,68,417,Very High
KANO_W307,Makoda,Babbar Ruga,33312.06169772148,35,1.57457236789923,1.2355014713812347,0.2948277372325934,2.1421628998833913,26.319640937034137,0.0,0.0,30,455,Very High
KANO_W308,Makoda,Durma,8543.574949264526,19,0.7049664615491906,0.6818576649565694,0.2652385345014767,1.527382248767644,11.731923571644431,0.0,0.0,342,143,Low
KANO_W309,Makoda,Jibga,36933.28953075409,52,0.9147980228028014,0.783181696743922,0.06768194466075447,1.2938311199781432,17.65251082349227,0.0,0.0,191,294,High
KANO_W310,Makoda,Kadan Dani,30821.54685640335,61,0.7964044285569072,0.7871547594934032,0.20154825678442437,1.241526652526626,9.051482543026152,0.0,0.0,267,218,Moderate
KANO_W311,Makoda,Koguna,27478.046658992767,29,0.7262964462383283,0.8157106879143766,0.1227292963741767,1.2017921004857155,10.57845392155686,0.0,0.0,326,159,Low
KANO_W312,Makoda,Maitsidau,17253.511739253998,19,1.1290888838798738,1.1476147677928854,0.6936244748217448,1.527382248767644,21.26239179630542,0.0,0.0,107,378,High
KANO_W313,Makoda,Makoda,31443.963173151016,27,1.0475333066098997,0.9443514288298022,0.2098692643323953,1.2905776870976766,13.700334338531187,0.0,0.0,133,352,High
KANO_W314,Makoda,Satame,21305.74791574478,31,0.6785759414094862,0.6150209415892367,0.11791016701959722,1.2406018390171998,14.007109028329848,0.0,0.0,367,118,Low
KANO_W315,Makoda,Tabo,24722.613593816757,34,0.6042360925406338,0.5956283983883187,0.4811667223881613,1.3512264364939945,7.7632260413535095,0.0,0.0,404,81,Very Low
KANO_W316,Makoda,Tangaji,15944.268112421036,33,1.3143318234323618,1.1243364549014874,0.3522430199287354,2.0451398172132493,10.826858491190253,0.0,0.0,64,421,Very High
KANO_W317,Makoda,Wailare,14910.067511081696,18,1.0153948626778382,0.8957738560967196,0.4828393421280195,1.8141080528831757,24.764885575630146,0.0,0.0,152,333,High
KANO_W318,Minjibir,Azore,37096.74218964577,36,0.35354552966825303,0.3053592786874145,0.06529878194323628,0.7590797221651935,12.763270451251218,0.0,0.0,475,10,Very Low
KANO_W319,Minjibir,Gandurwawa,33819.99021434784,27,0.4929946995107536,0.4391489003263367,0.28859018455824237,0.9224550629684212,13.239852841294637,0.0,0.0,447,38,Very Low
KANO_W320,Minjibir,Kantama,33393.21419835091,30,0.5992928238959763,0.6232117466811432,0.25785346071235676,0.8497138133427087,16.87734388187633,0.0,0.0,407,78,Very Low
KANO_W321,Minjibir,Kunya,88834.94932198524,46,1.2346243789662568,1.0476417317247164,0.3214536784695889,2.0509735193696526,29.98409509279928,0.0,0.0,85,400,Very High
KANO_W322,Minjibir,Kuru,41203.961461782455,35,0.6756486112135965,0.6208448319659913,0.2467487569674486,1.7050836905535418,19.187005766119007,0.0,0.0,369,116,Low
KANO_W323,Minjibir,Kwarkiya,37251.23609852791,38,0.6901651569880473,0.6450851387010383,0.3295601190288395,0.8933426288732789,16.10084782834707,0.0,0.0,357,128,Low
KANO_W324,Minjibir,Minjibir,62926.31156206131,26,0.9071800737885677,0.6984315832751222,0.35620947845479417,1.1739563726171305,19.461765839272317,0.0,0.0,197,288,Moderate
KANO_W325,Minjibir,Sarbi,18778.786769390106,34,0.6884958836512937,0.5231867790797309,0.16422505814129268,1.6385425280878447,9.001827964004283,0.0,0.0,358,127,Low
KANO_W326,Minjibir,Tsakiya,23939.673117160797,25,0.4114695997245396,0.3887459249146685,0.2467487569674486,0.7590797221651935,18.03721360365114,0.0,0.0,466,19,Very Low
KANO_W327,Minjibir,Tsakuwa,47722.11996507645,37,0.5961536722943187,0.5795169842622179,0.42172934462478184,0.7886075817741931,14.381024619628027,0.0,0.0,410,75,Very Low
KANO_W328,Minjibir,Wasai,52015.27007436752,47,0.5695947502278185,0.5229220691198291,0.2554291909916717,0.8535149936781412,12.721068246947578,0.0,0.0,419,66,Very Low
KANO_W329,Nassarawa,Dakata,54803.56644368172,8,0.6484050702727746,0.728910445892868,0.4255432545165878,0.8095314975138079,217.33323807706037,0.0,0.0,382,103,Low
KANO_W330,Nassarawa,Gama,51902.1364736557,7,0.6983014131940924,0.7468479674671613,0.6273480505312804,0.8235721208475844,240.5713948015154,0.0,0.0,349,136,Low
KANO_W331,Nassarawa,Gawuna,16862.368128299713,4,0.7969345380938421,0.7798892864976854,0.6799535910448558,0.8235721208475844,269.5595498632996,0.0,0.0,266,219,Moderate
KANO_W332,Nassarawa,Giginyu,201996.51729106903,21,0.736482659908654,0.7924877749754933,0.6521122212278134,0.9148781089385281,252.43330772001656,0.0,0.0,321,164,Low
KANO_W333,Nassarawa,Gwagwarwa,15968.326427459717,4,0.782455850607992,0.8165718326692135,0.7468479674671613,0.8420062727958075,267.5048476232278,0.0,0.0,282,203,Moderate
KANO_W334,Nassarawa,Hotoro North,175799.07468128204,17,0.6667888596599337,0.6805263024909975,0.46542587087122617,0.764541285993087,216.90389065577594,0.0,0.0,376,109,Low
KANO_W335,Nassarawa,Hotoro South,54607.61873149872,7,0.7526291437701966,0.7536716658448483,0.6747225585956003,0.8272597247145312,237.38369143989993,0.0,0.0,308,177,Low
KANO_W336,Nassarawa,Kaura Goje,101803.73725438118,8,0.6388241920785978,0.6803990659248114,0.49669100642457065,0.8095715444908428,217.85277605657953,0.0,0.0,385,100,Low
KANO_W337,Nassarawa,Kawaji,127740.56569647789,18,0.6720221872197005,0.5934804406622225,0.3573573811720369,0.8655024587254382,220.4629542099923,0.0,0.0,371,114,Low
KANO_W338,Nassarawa,Tudun Murtala,88796.23459529877,7,0.611753604720081,0.6394016597809025,0.5339341677930615,0.75071002976531,209.93944479279784,0.0,0.0,400,85,Very Low
KANO_W339,Nassarawa,Tudun Wada,34267.52355480194,8,0.823812559221096,0.8265673417258936,0.75071002976531,0.9148781089385281,276.90332607674355,0.0,0.0,245,240,Moderate
KANO_W340,Rano,Lausu,25470.089806318283,49,0.7578806559182081,0.6978171280501226,0.09883322941851659,1.2070078512500113,12.71204131257865,0.0,0.0,302,183,Low
KANO_W341,Rano,Madachi,35625.957082509995,48,0.702879205809584,0.6972681771984377,0.0,1.1395528458511548,12.249068975867928,49.48986840248108,0.13891519682646605,345,140,Low
KANO_W342,Rano,Rano Dawaki,29647.277428627014,21,1.0047566791480205,1.0391498886801676,0.6004033914585685,1.1475361977206822,15.025014889311231,0.0,0.0,156,329,High
KANO_W343,Rano,Rano Sabon Gari,47958.424636125565,19,1.0873482600975273,1.0430548755185316,0.6978171280501226,1.2450188467705343,18.466496456285793,0.0,0.0,122,363,High
KANO_W344,Rano,Rurum Sabon Gari,33805.13409614563,67,0.9804291159273746,1.0061566308140302,0.32255475232543085,1.256096941634347,4.748102725517346,0.0,0.0,167,318,High
KANO_W345,Rano,Rurum Tsohon Gari,30602.616366624832,56,0.9415144979005051,0.5939251764093336,0.10205861504694076,1.3914113116863736,5.210386477405651,0.0,0.0,177,308,High
KANO_W346,Rano,Saji,25126.01541519165,54,0.48615494937337206,0.530166716800337,0.0,1.1135204683267552,3.468065579081496,3741.0451881885533,14.88913035501303,449,36,Very Low
KANO_W347,Rano,Yalwa,34560.574634075165,88,0.7155763915868739,0.6782100869107103,0.0,1.2123536977452718,5.127981414559501,358.94820070266724,1.0386059968712458,338,147,Low
KANO_W348,Rano,Zinyau,19399.24674654007,34,0.7414056352296837,0.7413518584043949,0.24588807776323796,1.0838486379946777,7.378945620489376,0.0,0.0,317,168,Low
KANO_W349,Rano,Zurgu,30004.029193639755,87,0.8008021283866722,0.8155773459437083,0.20399403716361292,1.256096941634347,7.908186768560968,0.0,0.0,263,222,Moderate
KANO_W350,Rimin Gado,Butu-Butu,22027.975883960724,44,0.9128762672540975,1.163054133548874,0.20205163540712576,1.7221274508813722,12.935281258624494,0.0,0.0,194,291,High
KANO_W351,Rimin Gado,Dawakin Gulu,2212.833703994751,11,1.1634288205719288,1.3141104144551825,0.5829081480148247,2.292291431213115,4.867649569869568,0.0,0.0,99,386,High
KANO_W352,Rimin Gado,Doka Dawa,19934.940731048584,40,1.0560490659782156,1.001044523329812,0.39870767598947054,1.5287008147353787,17.534929730729548,0.0,0.0,129,356,High
KANO_W353,Rimin Gado,Dugurawa,10192.902290582657,27,1.4529888861398832,1.331783129341322,0.1650627969242315,2.190320892488051,17.299738907547336,0.0,0.0,40,445,Very High
KANO_W354,Rimin Gado,Gulu,24801.377804279327,26,1.3229293493907992,0.7433613443146699,0.18519309815925933,2.077214388842388,7.445201673812358,0.0,0.0,61,424,Very High
KANO_W355,Rimin Gado,Jili,16988.444175958633,36,1.6055287118327073,1.6454307088280655,0.21112685281195862,2.3741482909275367,12.441317540653486,0.0,0.0,26,459,Very High
KANO_W356,Rimin Gado,Karofin Yashi,11955.282813072205,24,1.1450811407809818,1.2246468139506295,0.39831926626866526,1.7692201546136652,10.513985926291042,0.0,0.0,103,382,High
KANO_W357,Rimin Gado,Rimin Gado,26785.561093568802,24,2.1509841677947104,1.6759060818876912,0.2895022571120727,2.481239654194075,28.898313972833744,0.0,0.0,7,478,Very High
KANO_W358,Rimin Gado,Sakara Tsa,10601.250041246414,16,0.7065692209564303,0.7482021235549869,0.21974899179882476,1.3141104144551825,11.084253881639649,0.0,0.0,341,144,Low
KANO_W359,Rimin Gado,Tamawa,12603.04921078682,26,1.5098704989805332,1.4343537214937103,0.5829081480148247,2.4402834261123836,8.22722944111381,0.0,0.0,34,451,Very High
KANO_W360,Rimin Gado,Yalwan Danziyal,18904.0281457901,24,1.1664454748441453,1.1251716575622597,0.2895022571120727,2.4402834261123836,12.652605837154425,0.0,0.0,97,388,Very High
KANO_W361,Rimin Gado,Zango,14091.147215366364,31,1.6961929552233002,1.294162547730792,0.28678063336775955,2.830614969869058,24.392739390081257,0.0,0.0,19,466,Very High
KANO_W362,Rogo,Beli,33321.369710206985,76,0.8782307066793776,0.8429614597611363,0.2400792615112175,1.4314397756318067,10.08263644228469,0.0,0.0,209,276,Moderate
KANO_W363,Rogo,Falgore,42211.47146272659,69,0.5983190809021948,0.6139207024149211,0.0,1.1178103487632998,3.7835004028564927,320.1258668899536,0.7583859453291741,409,76,Very Low
KANO_W364,Rogo,Fulatan,38374.30983901024,81,0.7765646201213667,0.6151512953748864,0.2400792615112175,1.0818978479951527,4.742822913476868,0.0,0.0,286,199,Moderate
KANO_W365,Rogo,Gwangwan,36553.89067983627,63,0.8260711013675827,0.6437185718891888,0.18253564185931456,1.505355995897665,6.287766457988388,0.0,0.0,243,242,Moderate
KANO_W366,Rogo,Jajaye,31628.20753657818,121,0.714165251180779,0.5906821706714817,0.21718426774898944,1.7726907671436465,1.832829757274923,0.0,0.0,339,146,Low
KANO_W367,Rogo,Rogo Ruma,31962.745903253555,85,0.72062949802474,0.6301812113264428,0.0,1.6487138185850034,7.539934292984976,3388.490981817246,10.601376340048194,335,150,Low
KANO_W368,Rogo,Rogo Sabon Gari,38057.31451201439,31,1.2327509564892818,1.1686421572170789,0.8175004992647843,1.6162896321442115,13.187611544809405,0.0,0.0,86,399,Very High
KANO_W369,Rogo,Ruwan Bago,57883.68446946144,117,0.8569564506249061,0.8776438194638494,0.18253564185931456,1.4340145215557025,6.154866231614639,0.0,0.0,218,267,Moderate
KANO_W370,Rogo,Zarewa,40037.516083717346,49,0.7819848411998717,0.8052318972616184,0.421729420168281,1.2801002369314924,7.181147754619005,0.0,0.0,283,202,Moderate
KANO_W371,Rogo,Zoza,38602.81891822815,118,0.843384554436798,0.8580202070880254,0.21718426774898944,1.4882014184144683,5.5259454791423686,0.0,0.0,228,257,Moderate
KANO_W372,Shanono,Alajawa,21685.219534873962,47,0.7825172987889323,0.6835171144594189,0.40700338390489404,1.0072832716148197,8.069089876050452,0.0,0.0,281,204,Moderate
KANO_W373,Shanono,Dutsen Bakoshi,40829.42319869995,74,0.7026552037460713,0.7586348199543798,0.051502092180303057,1.3890044072061003,8.012804940893913,0.0,0.0,346,139,Low
KANO_W374,Shanono,Faruruwa,20316.194950580597,42,1.113797498031416,0.8331754995104848,0.48073172078339405,1.7239591734790323,7.2408747369796576,0.0,0.0,109,376,High
KANO_W375,Shanono,Goron Dutse,26471.876638889313,69,0.8542334517785144,0.891134596291946,0.43651021018478237,1.2992601093624856,5.766603250426933,0.0,0.0,219,266,Moderate
KANO_W376,Shanono,Kadamu,30388.7479224205,55,0.8869684517479365,0.8473313902070284,0.40700338390489404,1.6536066057596037,7.5510640842880745,0.0,0.0,201,284,Moderate
KANO_W377,Shanono,Kokiya,27236.005802631378,53,0.7502616700048923,0.7892638947572822,0.26542153181413736,1.5746936089471706,10.093385685715553,0.0,0.0,309,176,Low
KANO_W378,Shanono,Leni,13215.01634144783,40,1.1458596397804373,1.059657776341969,0.4663932587943772,1.5582176780039079,11.360998155361235,0.0,0.0,102,383,High
KANO_W379,Shanono,Shakogi,26755.797023534775,59,0.9775226196068907,0.932037459197073,0.5918631297214496,1.477416461249247,10.11059307626002,0.0,0.0,168,317,High
KANO_W380,Shanono,Shanono,55399.73110771179,59,1.302822855767775,0.8668619739773903,0.4375493076024231,1.6151226372858614,14.9141330584072,0.0,0.0,66,419,Very High
KANO_W381,Shanono,Tsaure,32465.493579149246,52,0.949265775333666,0.9183412674444804,0.46289010625148064,1.3496925237446233,8.069695102555166,0.0,0.0,175,310,High
KANO_W382,Sumaila,Gala,47001.60040688515,94,0.9132056125408404,0.7509749683903045,0.0,1.4940370164569758,9.65728740218439,52.59457683563232,0.11189954465450046,193,292,High
KANO_W383,Sumaila,Gani,58674.94805884361,128,0.9285531293473599,0.8310349388830117,0.203798727109584,1.2758600807536478,7.488419863586223,0.0,0.0,186,299,High
KANO_W384,Sumaila,Garfa,36573.012796640396,72,0.7293502548256343,0.7605103566873286,0.1405977978628732,1.3229191201130253,9.8372578548606,0.0,0.0,325,160,Low
KANO_W385,Sumaila,Gediya,51390.84586119652,165,0.8836285361497976,0.7628105350774237,0.13557432330399602,1.243433895500355,6.072982659320393,0.0,0.0,204,281,Moderate
KANO_W386,Sumaila,Kanawa,32763.115164995193,65,1.0571193279200395,1.0681449958556695,0.1351511656542065,1.6889095469867887,8.714380214426484,0.0,0.0,128,357,High
KANO_W387,Sumaila,Magami,58535.92874240875,207,0.9371096567423942,0.6277417803958026,0.0,1.7142611433144068,4.406431740511358,3135.6941809654236,5.356870982203519,178,307,High
KANO_W388,Sumaila,Massu,53879.07920587063,227,0.7227481347727169,0.6512898202151777,0.0,1.3781525831195696,3.0562927825759796,2463.156033039093,4.5716372093655036,329,156,Low
KANO_W389,Sumaila,Rimi,42757.55121874809,76,1.4721493845760838,1.2768102704711743,0.0,2.2873167929156737,11.095420162097284,463.6773145198822,1.084433746328699,37,448,Very High
KANO_W390,Sumaila,Rumo,26685.537042617798,101,0.6954087161172992,0.654410930396409,0.0,1.262855924841877,6.445869561895435,953.8306267261505,3.5743355106657493,351,134,Low
KANO_W391,Sumaila,Sitti,45607.68698942661,109,0.8828584583999366,0.7394948677800935,0.0,1.5018456198924908,5.866678848644623,2168.538402557373,4.754765140929231,205,280,Moderate
KANO_W392,Sumaila,Sumaila,55695.37650823593,32,1.164082669263022,1.004442534407426,0.07786736447724084,1.3229191201130253,15.71187687858152,0.0,0.0,98,387,High
KANO_W393,Takai,Bagwaro,26676.15706551075,79,1.2888041704742217,1.3283043842489586,0.2549258740540613,2.1109170214873365,6.45613605020379,0.0,0.0,73,412,Very High
KANO_W394,Takai,Durbunde,64324.04556274414,99,0.8331361400026639,0.6477771403408004,0.15035545996557428,1.245164531917198,12.648936597610557,0.0,0.0,238,247,Moderate
KANO_W395,Takai,Fajewa,38740.45190739632,100,1.2878938018722805,1.0085326232235328,0.4706426800478055,2.4211295821611523,9.488501017360123,0.0,0.0,74,411,Very High
KANO_W396,Takai,Falali,31340.30530309677,47,0.8416565396224317,0.7900779263840966,0.5002145864566717,1.0716624772122998,10.120769293449861,0.0,0.0,231,254,Moderate
KANO_W397,Takai,Farun Ruwa,37682.06753706932,27,1.0315564363707692,0.9198192006181748,0.41599074440246536,1.36220696364161,7.463004680635526,0.0,0.0,142,343,High
KANO_W398,Takai,Kachako,82189.4098482132,47,0.8485484825145508,0.7787823969534382,0.15035545996557428,1.245164531917198,11.458422611448356,0.0,0.0,222,263,Moderate
KANO_W399,Takai,Karfi,27121.89370894432,71,1.0954251733784992,1.108764605018062,0.8050157838613224,2.1099227929845568,8.989997254674375,0.0,0.0,118,367,High
KANO_W400,Takai,Kuka,27273.86196041107,69,0.657800156648958,0.6345180135876686,0.08157486694501088,0.9864000024984848,10.697854805684797,0.0,0.0,381,104,Low
KANO_W401,Takai,Takai,81534.72395372391,81,0.9884751420299872,0.8093581419410658,0.22375687963941934,1.2894446717682226,15.827605768811154,0.0,0.0,164,321,High
KANO_W402,Takai,Zuga,39519.34708738327,63,0.6314309278354052,0.6797009528166297,0.2066282534604071,1.1670845704443138,9.770291589697015,0.0,0.0,393,92,Very Low
KANO_W403,Tarauni,Babban Giji,39371.632573366165,8,0.7544501757801311,0.7520468123096855,0.6440959921996542,0.824067726624482,265.39838968193567,0.0,0.0,306,179,Low
KANO_W404,Tarauni,Darmanawa,82599.93442821503,16,0.6212984059869041,0.6669657014510042,0.47132721358711893,0.8501070589352869,219.34564085244241,0.0,0.0,399,86,Very Low
KANO_W405,Tarauni,Daurawa,17272.833315849304,4,0.8117313213035277,0.7988462075435676,0.6896610000785346,0.8501070589352869,272.8347896018929,0.0,0.0,257,228,Moderate
KANO_W406,Tarauni,Gyadi Gyadi Arewa,8924.616729736328,4,0.8117589087094543,0.8158840957117394,0.7583942975590571,0.8390691401177488,278.4089796165659,0.0,0.0,256,229,Moderate
KANO_W407,Tarauni,Gyadi Gyadi Kudu,11535.66261100769,3,0.8226818082036416,0.824067726624482,0.7638631738122691,0.8501070589352869,276.7461651096397,0.0,0.0,246,239,Moderate
KANO_W408,Tarauni,Hotoro,79935.41353750229,12,0.7612951340240772,0.7640690750123229,0.6715545207319531,0.8501070589352869,240.05176652859186,0.0,0.0,299,186,Low
KANO_W409,Tarauni,Tarauni,33592.345363140106,10,0.8326393071613865,0.8295118666509937,0.7583942975590571,0.8603132492450529,281.85394929774145,0.0,0.0,241,244,Moderate
KANO_W410,Tarauni,Unguwa Uku Cikin Gari,29759.60682106018,3,0.709872434530848,0.6896610000785346,0.6598411244445894,0.7400872760114707,250.62473058766824,0.0,0.0,340,145,Low
KANO_W411,Tarauni,Unguwa Uku Kauyen Alu,73698.16828632355,10,0.6777776309423977,0.7069170175856678,0.6598411244445894,0.8272597247145312,230.46896195200762,0.0,0.0,368,117,Low
KANO_W412,Tarauni,Unguwar Gano,25287.874848127365,8,0.6714012523944867,0.6535905772979862,0.5519198362640386,0.7728738554169252,225.56495477528225,0.0,0.0,372,113,Low
KANO_W413,Tofa,Dindere,9148.623517036438,14,2.104616552284205,1.6547775857595728,0.9321228467729789,2.7699834241859,30.698163511475297,0.0,0.0,9,476,Very High
KANO_W414,Tofa,Doka,14931.323156356812,17,2.0575650683744526,1.9398373826525017,1.1601310705952148,2.7464748669428944,35.82043322512904,0.0,0.0,11,474,Very High
KANO_W415,Tofa,Gajida,9602.482651948929,20,1.611145736719582,1.617136353406909,0.9321228467729789,2.9630408917979976,24.566728594274522,0.0,0.0,25,460,Very High
KANO_W416,Tofa,Ginsawa,10344.51134634018,21,1.9149767810095735,2.0368011482744754,0.1650627969242315,2.9481302083582093,29.18611269701297,0.0,0.0,13,472,Very High
KANO_W417,Tofa,Janguza,17392.322745084763,20,0.7660962654393758,0.7746842396664335,0.345186852070853,1.0753974905394725,45.65364885681721,0.0,0.0,296,189,Low
KANO_W418,Tofa,Jauben Kudu,9522.32709479332,15,1.377014066759479,1.1601310705952148,0.7974741935785236,2.283460307363363,27.311444032145452,0.0,0.0,47,438,Very High
KANO_W419,Tofa,Kwami,5437.159482240677,10,1.4387719911883718,1.3329370795250242,0.8079872722266439,1.716069525202364,27.276800785922806,0.0,0.0,43,442,Very High
KANO_W420,Tofa,Lambu,27404.61713409424,26,1.1326243180887652,1.0435881114235344,0.345186852070853,1.5523658251112022,29.808745087980046,0.0,0.0,106,379,High
KANO_W421,Tofa,Langel,17548.471397399902,23,0.6376130115965064,0.4654364714267406,0.21447583534520623,1.0753974905394725,45.50357494500272,0.0,0.0,386,99,Low
KANO_W422,Tofa,Tofa,30974.097593307495,12,2.878132574816345,2.906863160460783,2.6266818593465033,2.9630408917979976,43.800710450207305,0.0,0.0,1,484,Very High
KANO_W423,Tofa,Unguwar Rimi,19878.798130750656,21,0.8857403267663878,0.8981744214147668,0.345186852070853,1.6031922560536704,19.509979671672493,0.0,0.0,202,283,Moderate
KANO_W424,Tofa,Wangara,14813.595254421234,32,1.1334774131464114,1.0928500378726396,0.20195188659372676,2.4233186182518045,19.633612375596776,0.0,0.0,105,380,High
KANO_W425,Tofa,Yalwa Karama,6409.275157690048,15,1.6791459286644348,1.486406590762618,0.7974741935785236,2.2315176921965096,31.8824964662684,0.0,0.0,22,463,Very High
KANO_W426,Tofa,Yanoko,18729.793099164963,25,2.3858112595863314,2.6266818593465033,1.1601310705952148,2.9251107017573745,38.91852766945478,0.0,0.0,2,483,Very High
KANO_W427,Tofa,Yarimawa,10843.612566947937,19,0.7439110474971917,0.6858683661890154,0.3147931712320666,1.1957441122332888,22.396289314653192,0.0,0.0,315,170,Low
KANO_W428,Tsanyawa,Daddarawa,15578.756290435791,56,0.7548495683311649,0.7493554529716622,0.0,1.7368570629976294,3.237665960946876,836.424309015274,5.369005672993145,305,180,Low
KANO_W429,Tsanyawa,Dunbulum,22638.363799333572,38,1.3414973104357657,1.2966113343881722,0.33102651326252597,2.8055112975700176,9.142886672241653,0.0,0.0,57,428,Very High
KANO_W430,Tsanyawa,Gozarki,17518.162175655365,42,1.300440408861148,1.0183079405026216,0.26431754880896724,2.8055112975700176,4.54611269052969,0.0,0.0,69,416,Very High
KANO_W431,Tsanyawa,Gurun,26480.685334205627,59,1.0646252334798438,1.0255155205327058,0.4936976330673529,2.0666737021484036,6.926874210611945,0.0,0.0,124,361,High
KANO_W432,Tsanyawa,Kabagiwa,34509.61428451538,76,1.043011107415215,1.0309635431886255,0.25901350467468476,2.1177518618199804,7.056050165771136,0.0,0.0,136,349,High
KANO_W433,Tsanyawa,Tatsan,25276.440741300583,68,1.1805008010782134,0.9350176603158553,0.18566220734419325,2.9999056357530907,8.63393223250749,0.0,0.0,95,390,Very High
KANO_W434,Tsanyawa,Tsanyawa,29415.22591137886,40,1.3078841166187634,1.3829299224278504,0.5161177959362785,2.1177518618199804,12.355429754655457,0.0,0.0,65,420,Very High
KANO_W435,Tsanyawa,Yanganau,21460.144567728043,71,1.0239180974777413,0.8097888150816078,0.3054508817156459,2.0588840014147762,5.207961153367104,0.0,0.0,148,337,High
KANO_W436,Tsanyawa,Yankamaye,33335.04125928879,84,1.0976970914434758,1.1804549347729543,0.44001897312129357,1.7123453435336973,8.815708925308899,0.0,0.0,117,368,High
KANO_W437,Tsanyawa,Zarogi,21105.848551273346,62,0.8783985873345286,0.8610446842156316,0.3054508817156459,1.825258760122488,7.600603942924388,0.0,0.0,208,277,Moderate
KANO_W438,Tudun Wada,Baburi,46754.18149924278,122,0.5510802047668796,0.4825109600760382,0.0,1.0840583364678618,4.364772443236716,205.55899333953855,0.43965905668323535,426,59,Very Low
KANO_W439,Tudun Wada,Burum-Burum,45528.21933889389,84,0.6974989783119162,0.6879576519750299,0.16810861113173656,1.0838067555723878,6.913392622969892,0.0,0.0,350,135,Low
KANO_W440,Tudun Wada,Dalawa,43358.391969680786,69,0.5728210692781239,0.3574356981702004,0.0,0.9401618179997187,5.509610745719482,116.3510570526123,0.26834726051181296,416,69,Very Low
KANO_W441,Tudun Wada,Jandutse,42792.77407622337,86,0.9362454613272487,0.8285350275232413,0.3529791221602301,1.3779660295593983,10.34284173795966,0.0,0.0,179,306,High
KANO_W442,Tudun Wada,Jita,26882.609112620354,61,0.9675104852585419,0.848217976466533,0.3099650449273849,1.2585242046099778,7.492035853576106,0.0,0.0,171,314,High
KANO_W443,Tudun Wada,Karefa,34298.20353937149,61,0.6252089963180516,0.5644019168607379,0.14363164595928457,1.2150581976652304,5.427906939780791,0.0,0.0,396,89,Very Low
KANO_W444,Tudun Wada,Nata-Ala,54152.15149855614,129,0.5251671495720623,0.405873083706066,0.0,1.0519082646641567,2.5650310490898667,784.3661463260651,1.4484487220179583,434,51,Very Low
KANO_W445,Tudun Wada,Sabon Gari,40104.596873283386,37,0.9961714111770402,0.9668888106037903,0.4103062281434448,1.2783614623749844,13.338831098767322,0.0,0.0,158,327,High
KANO_W446,Tudun Wada,Shuwaki,28407.319559812546,48,0.9930035350113177,1.0395526505335877,0.15852883315467184,1.2909077359487153,11.613192112283787,0.0,0.0,160,325,High
KANO_W447,Tudun Wada,Tsohon Gari,32873.72949075699,9,0.9422385868978396,0.9243693386727289,0.695620322757771,1.1230704226089778,13.104498809864618,0.0,0.0,176,309,High
KANO_W448,Tudun Wada,Yaryasa,38996.5299243927,87,1.0633431577633623,0.8243418938867463,0.0633032647097541,1.4125331107358294,10.97771113602669,0.0,0.0,125,360,High
KANO_W449,Ungogo,Bachirawa,179187.6437549591,31,0.7200027171025802,0.6073328542011028,0.38514250533071115,1.1409248280887196,173.23310619079643,0.0,0.0,337,148,Low
KANO_W450,Ungogo,Fanisau,48616.17567753792,25,0.566806838697695,0.48855557458708143,0.20686061818963652,0.7039722068693848,106.70129574381787,0.0,0.0,420,65,Very Low
KANO_W451,Ungogo,Gayawa,132173.87039351463,25,0.44167465671000944,0.32898615833653344,0.09363536414031147,0.689028307976993,120.85838275953768,0.0,0.0,462,23,Very Low
KANO_W452,Ungogo,Kadawa,102957.72483706474,17,0.8289450174031612,0.6977229552098695,0.4207654993822203,1.173516682379059,161.59436572322304,0.0,0.0,242,243,Moderate
KANO_W453,Ungogo,Karo,20618.31839132309,22,0.510518157691886,0.4893032255461638,0.20686061818963652,0.5934225150305718,39.33523502574523,0.0,0.0,441,44,Very Low
KANO_W454,Ungogo,Rangaza,108730.4357457161,27,0.4446549636448046,0.4255432545165878,0.09710893281507392,0.6394016597809025,118.97039942756412,0.0,0.0,460,25,Very Low
KANO_W455,Ungogo,Rijiyar Zaki,101369.39772629738,34,0.541064728645923,0.42199244276550146,0.21368459114202032,0.7561629651046792,161.86186028335376,0.0,0.0,430,55,Very Low
KANO_W456,Ungogo,Tudun Fulani,257579.60654568672,40,0.5659316672006652,0.48501201504471025,0.2849090433212082,0.7963506155407635,178.29705038791124,0.0,0.0,421,64,Very Low
KANO_W457,Ungogo,Ungogo,88427.56577372551,42,0.7778587936262934,0.597012880216117,0.2467487569674486,1.4375931446937154,110.2066558553544,0.0,0.0,285,200,Moderate
KANO_W458,Ungogo,Yada Kunya,61103.45094561577,25,0.36560195826922226,0.36160170544256626,0.22027024071451212,0.6280094766790074,68.34689427080424,0.0,0.0,474,11,Very Low
KANO_W459,Ungogo,Zango,188218.12147951126,12,0.48906429186272093,0.4433141113471664,0.30631552652577465,0.665487812483089,159.49457396005593,0.0,0.0,448,37,Very Low
KANO_W460,Warawa,Amarawa,6501.049716949463,13,0.7693249089786176,0.8627468535063675,0.49833301463397983,0.9371196113519789,7.7836780283010665,0.0,0.0,293,192,Low
KANO_W461,Warawa,Danlasan,9754.787987232208,25,0.6790956785508709,0.634526566140999,0.361289546255139,0.9328429654212508,8.65516405137393,0.0,0.0,366,119,Low
KANO_W462,Warawa,Garin Dau,28690.928049325943,33,0.752966520875759,0.5571882331627931,0.06656082804423645,1.0090770620818994,18.30087073558416,0.0,0.0,307,178,Low
KANO_W463,Warawa,Gogel,8027.991742134094,14,0.8189294965698833,0.6805399340701737,0.0,0.9507806064408965,8.95010196359975,385.14549350738525,4.797532258111184,250,235,Moderate
KANO_W464,Warawa,Imawa,19776.486533164978,39,0.6451768722134287,0.6955581956912193,0.0,0.8627468535063675,6.043216862721581,924.465592622757,4.6745694240098565,383,102,Low
KANO_W465,Warawa,Jemagu,10588.644458532333,17,0.6631602509331292,0.6715921105854215,0.361289546255139,0.9002439200347078,10.788741616155022,0.0,0.0,379,106,Low
KANO_W466,Warawa,Jigawa,21080.07378935814,21,0.5120496025241793,0.47589276934306435,0.1586491547443694,0.634526566140999,3.610525587629585,0.0,0.0,439,46,Very Low
KANO_W467,Warawa,Juma Galadima,36459.31873011589,31,0.5115653112418763,0.3844768668312811,0.1941768222676884,0.7748529274345881,71.63702735837276,0.0,0.0,440,45,Very Low
KANO_W468,Warawa,Katarkawa,17730.833084583282,29,0.4782795322408766,0.5750825870382322,0.0,1.103995030838681,4.179947105384921,4.296403884887695,0.024231257856819823,451,34,Very Low
KANO_W469,Warawa,Madari,25817.738194704056,48,0.5497160373299045,0.45811347131532754,0.0,0.9507806064408965,8.69651564461486,95.3390929698944,0.36927747988958665,428,57,Very Low
KANO_W470,Warawa,Tamburawar Gabas,19132.221601247787,26,0.33172304671726055,0.3658100860420786,0.0,0.45804442937928963,23.175747620930924,3.736933708190918,0.019532147317106122,477,8,Very Low
KANO_W471,Warawa,Tanagar,25289.309447050095,23,0.45278167354447063,0.4215509492703645,0.2337922610944606,0.6307600982098709,20.180097916519603,0.0,0.0,457,28,Very Low
KANO_W472,Warawa,Warawa,11058.20673918724,14,0.7330611833311296,0.7665404261760415,0.3636705646535234,0.8928860406956967,12.964379025529938,0.0,0.0,323,162,Low
KANO_W473,Warawa,Yandalla,13790.930941343307,29,0.49903015117193056,0.5364979899387741,0.06656082804423645,1.0090770620818994,9.428028865750262,0.0,0.0,445,40,Very Low
KANO_W474,Warawa,Yangizo,15375.028424263,21,0.4499952591194153,0.3003057708800767,0.0,1.103995030838681,4.450181210531778,5435.33525800705,35.35170867996357,459,26,Very Low
KANO_W475,Wudil,Achika,23672.907896518707,34,0.4373274042539841,0.5038561205682994,0.13203832410181407,0.8380670303939464,7.483875103574429,0.0,0.0,463,22,Very Low
KANO_W476,Wudil,Dagumawa,50724.91078042984,37,0.8579637155173392,0.8394676768139211,0.35532681187771037,1.0546940324330765,22.993588472941248,0.0,0.0,217,268,Moderate
KANO_W477,Wudil,Dankaza,37540.14200258255,53,0.6796605793627135,0.6174295303085175,0.12925619808794375,1.0546940324330765,16.77433581501509,0.0,0.0,364,121,Low
KANO_W478,Wudil,Darki,45803.447486400604,39,0.7032482652955532,0.7542148896011092,0.13203832410181407,1.3129864560751852,11.92453383185536,0.0,0.0,344,141,Low
KANO_W479,Wudil,Indabo,22445.839256048203,19,0.7209981273128049,0.6817470786003424,0.6328007736866947,0.7937483843173755,9.418295130295256,0.0,0.0,333,152,Low
KANO_W480,Wudil,Kausani,36516.987255096436,40,0.7584908280047908,0.7386750309106991,0.15410840285833882,1.3382329532347843,20.25179242119401,0.0,0.0,301,184,Low
KANO_W481,Wudil,Lajawa,36664.14320063591,51,0.5868258073696552,0.5879956097304703,0.28649893149890976,1.0700315811861962,11.870432473621609,0.0,0.0,413,72,Very Low
KANO_W482,Wudil,Sabon Gari,47099.37911581993,12,0.9329016474560782,0.9053968253724523,0.44727297971375674,1.0546940324330765,27.384547188975223,0.0,0.0,182,303,High
KANO_W483,Wudil,Utai,37413.025424957275,28,0.5095708700652757,0.6666000360885109,0.24726223548040213,1.2723900681736438,14.081603017016946,0.0,0.0,442,43,Very Low
KANO_W484,Wudil,Wudil,56050.54152774811,5,0.7725295277504255,0.7624918397583642,0.6239890156301251,0.910305008019177,24.16862920037601,0.0,0.0,290,195,Moderate
