Demand_ID,Grid_Row,Grid_Col,Demand_Cell_Population,Nearest_Node,Snap_Distance_m,Snap_Quality,Demand_Node,Accessible_PHC_Nodes,Accessible_PHC_Count,TwoSFCA_per_Person,Mean_PHC_Travel_Time_Min,Min_PHC_Travel_Time_Min,Max_PHC_Travel_Time_Min,TwoSFCA_per_10000,TwoSFCA_Class,Travel_Time_Min,Ward_ID,LGA,Ward,Planning_Priority_Rank,Planning_Priority_Score_100,Facility_ID,facility_name,Nearest_Existing_PHC_m,Population_Score,Supply_Deficit_Score,Travel_Deficit_Score,PHC_Separation_Score,Ward_Priority_Score,Candidate_Score,Candidate_Score_100,Candidate_Rank,Scenario_Shortlist
KANO_DMD_16232,181,121,121.67992782592773,5173959510,3382.8561697843306,Very Poor,,0.0,0.0,0.0,,,,0.0,Very Low,34.07696554845645,KANO_W388,Sumaila,Massu,30,59.11085957732318,KANO_PHC_0905,Gomo Primary Health Center,18539.7204827532,0.006203266590126129,1.0,1.0,1.0,0.34825548285313124,0.636686528262351,63.668652826235096,1,Top 20
KANO_DMD_10214,104,136,15533.174056529999,2874185547,90.57391567709199,Excellent,2874185547.0,5.0,5.0,2.611502459079591e-05,12.3439824883564,9.134861107639924,14.673375966450935,0.2611502459079591,Very Low,9.134861107639923,KANO_W478,Wudil,Darki,28,59.419132773692496,KANO_PHC_0942,Darki Primary Health Center,574.4173447354428,0.8072767981303625,0.8858141711310394,0.2680655674769638,0.029229761079388353,0.35895803850593555,0.5575299637297632,55.75299637297631,2,Top 20
KANO_DMD_08521,90,106,19240.88923764229,2968317308,39.6344360835928,Excellent,2968317308.0,8.0,8.0,4.956228823139034e-05,10.290381966769033,2.813396548973931,14.424556331475328,0.4956228823139034,Low,2.813396548973931,KANO_W097,Dawakin Kudu,Tsakuwa,56,53.66533323003797,KANO_PHC_0889,Tsakuwa Primary Health Center,1041.2371419534284,1.0,0.7832929108426638,0.08256006671055742,0.05445476076888301,0.15919899180221536,0.5364233543483313,53.642335434833136,3,Top 20
KANO_DMD_12241,118,59,56.18703079223633,8343519364,2068.2086316953882,Very Poor,,0.0,0.0,0.0,,,,0.0,Very Low,29.656551088646772,KANO_W041,Bebeji,Ranka,6,69.87267093059143,KANO_PHC_1056,Gwarmai (Bebeji) Primary Health Center,4238.777379229446,0.002799013512556945,1.0,0.8702814529209187,0.22723653217856957,0.7218814947473017,0.5311696239394664,53.11696239394664,4,Top 20
KANO_DMD_07496,82,112,18075.564987897873,12604995590,59.87333970877398,Excellent,12604995590.0,6.0,6.0,2.4608164004167098e-05,9.726551579958608,0.4458146487101682,14.787312099879893,0.246081640041671,Very Low,0.4458146487101682,KANO_W091,Dawakin Kudu,Dawakiji,62,53.11566465500083,KANO_PHC_0893,Dawakiji Primary Health Center,299.506457468211,0.9394276502760649,0.8924027969420533,0.013082580609363025,0.01437472046782569,0.14011572869592503,0.5237132913799718,52.37132913799718,5,Top 20
KANO_DMD_10791,109,15,2851.1659586429596,13521118499,370.9365688292271,Good,,0.0,0.0,0.0,,,,0.0,Very Low,17.438296296240026,KANO_W367,Rogo,Rogo Ruma,3,70.38912219486232,KANO_PHC_1014,Rogo Tsohuwa Health Post,4745.021034699661,0.1480791285757546,1.0,0.5117326620952584,0.25459183314941025,0.7398115271436267,0.5089401986785522,50.89401986785522,6,Top 20
KANO_DMD_10713,108,98,1728.2899768352509,2824519208,1011.1654512213702,Poor,,0.0,0.0,0.0,,,,0.0,Very Low,23.37121874268331,KANO_W063,Bunkure,Kulluwa,5,69.9863651844584,KANO_PHC_0531,Kulluwa Health Post,2017.5153276631765,0.08971319593376165,1.0,0.6858362640725777,0.10720877222716141,0.7258287048639985,0.5027453979151182,50.27453979151182,7,Top 20
KANO_DMD_06280,73,122,1789.0944259166718,2760198171,283.38142171022844,Good,,0.0,0.0,0.0,,,,0.0,Very Low,18.259177533824626,KANO_W474,Warawa,Yangizo,1,77.8835127673484,KANO_PHC_0633,Alitini Health Post,1892.3508967654825,0.09287374833395311,1.0,0.5358216977348118,0.10044540711422942,1.0,0.5000932751142827,50.00932751142827,8,Top 20
KANO_DMD_13161,124,100,1953.7051916122437,2764325825,604.1719963436213,Moderate,,0.0,0.0,0.0,,,,0.0,Very Low,20.70047321054686,KANO_W346,Rano,Saji,10,67.31121608274971,KANO_PHC_1095,Kurmi Health Post,2237.008720637442,0.10143004575093707,1.0,0.6074623393656161,0.11906928200549147,0.6329535133851817,0.4830772252377462,48.30772252377462,9,Top 20
KANO_DMD_13860,130,3,312.7325460910797,4259347630,2413.1379456112973,Very Poor,,0.0,0.0,0.0,,,,0.0,Very Low,22.735192954251147,KANO_W363,Rogo,Falgore,18,63.29156250598286,KANO_PHC_1119,Tsara Primary Health Clinic,3885.731701131707,0.016133984166601854,1.0,0.6671718736787865,0.20815941254168674,0.49340013470349336,0.46883849533734023,46.88384953373402,10,Top 20
KANO_DMD_10131,104,40,558.178964138031,5917809154,632.7338389792257,Moderate,,0.0,0.0,0.0,,,,0.0,Very Low,22.700680435990844,KANO_W249,Kiru,Baawa,24,60.65167207896408,KANO_PHC_0215,Sakarma Health Post,4002.5234087490226,0.02889203522036467,1.0,0.6661590922381613,0.2144703505223368,0.4017490455227593,0.4642448861443681,46.42448861443681,11,Top 20
KANO_DMD_09214,96,108,3569.4678013324738,2824667834,328.18698480632366,Good,2824667834.0,2.0,2.0,1.7629048824609124e-05,13.207258088901607,12.359123455160766,14.055392722642448,0.17629048824609123,Very Low,12.359123455160766,KANO_W088,Dawakin Kudu,Dabar Kwari,2,70.59323298428582,KANO_PHC_0592,Daba Primary Health Center,2937.1281510449653,0.18541571573789328,0.9229184125325759,0.362682629050009,0.15690082325521318,0.746897797078447,0.4571157468606404,45.71157468606404,12,Top 20
KANO_DMD_00129,5,114,632.8217325210571,3438085328,2138.2096074842925,Very Poor,,0.0,0.0,0.0,,,,0.0,Very Low,19.10514974847553,KANO_W082,Dambatta,Goron Maje,19,63.17885790672455,KANO_PHC_0596,Goron Maje Primary Health Center,4417.792148774491,0.03277188915102043,1.0,0.5606470365240873,0.23690974555362293,0.4894872831805735,0.45644616420122436,45.64461642012244,13,Top 20
KANO_DMD_15837,154,115,31.313364505767822,2991634801,865.8662960019068,Moderate,,0.0,0.0,0.0,,,,0.0,Very Low,17.54664401964211,KANO_W438,Tudun Wada,Baburi,8,68.35307752795818,KANO_PHC_0628,Tukuda Health Post,4237.850037566863,0.001506106054782106,1.0,0.5149121624309915,0.22718642249322607,0.6691246117199727,0.45442468884861414,45.44246888486141,14,Top 20
KANO_DMD_02142,38,49,196.56772446632385,2843846776,1147.4901295582856,Poor,,0.0,0.0,0.0,,,,0.0,Very Low,18.728144632859085,KANO_W428,Tsanyawa,Daddarawa,14,65.72026118424866,KANO_PHC_0240,Unguwar Bakke Health Post,3990.9112597035187,0.010095856836275981,1.0,0.5495836947755284,0.21384287829898027,0.5777191188843039,0.4527938396392659,45.27938396392659,15,Top 20
KANO_DMD_14874,140,94,90.73217248916626,5255073329,198.20675207441155,Excellent,,0.0,0.0,0.0,,,,0.0,Very Low,17.461726116679188,KANO_W444,Tudun Wada,Nata-Ala,20,62.84254210946516,KANO_PHC_0516,Kazaurawa Health Post,6205.267159161644,0.004594634263252097,1.0,0.5124202180457976,0.33349745852274676,0.47781115116689754,0.45166816778323693,45.16681677832369,16,Top 20
KANO_DMD_11042,110,126,1762.0546972751617,4348026559,241.1334274454356,Excellent,,0.0,0.0,0.0,,,,0.0,Very Low,17.066308921719028,KANO_W154,Garko,Zakarawa,23,61.738784301723214,KANO_PHC_0907,Kafinchiri Primary Health Center,3584.7397588823146,0.09146825119436036,1.0,0.500816567644535,0.19189506022623443,0.4394911496107993,0.45033716288223025,45.033716288223026,17,Top 20
KANO_DMD_15705,151,114,165.08956813812256,2752211566,1123.8836562366178,Poor,,0.0,0.0,0.0,,,,0.0,Very Low,20.013714808876294,KANO_W391,Sumaila,Sitti,37,57.41189006186518,KANO_PHC_0177,Matugwai Health Post,5214.159625596583,0.008459654814225295,1.0,0.5873091833959622,0.27994213080222985,0.2892710625215511,0.4409181589959496,44.09181589959496,18,Top 20
KANO_DMD_07405,81,163,1337.7163197994232,2753301267,787.0748366899637,Moderate,,0.0,0.0,0.0,,,,0.0,Very Low,15.036313947045004,KANO_W167,Gaya,Gamoji,15,64.01731586930394,KANO_PHC_0825,Gamoji Health Post,3146.4106079410462,0.06941158103806269,1.0,0.4412456832655421,0.16820957652934904,0.5185966676899305,0.4361637142129226,43.61637142129226,19,Top 20
KANO_DMD_15936,156,134,216.71364998817444,2897362824,147.63852520905627,Excellent,,0.0,0.0,0.0,,,,0.0,Very Low,19.007754189865867,KANO_W387,Sumaila,Magami,60,53.288701299220406,KANO_PHC_0074,Gwanda Health Post,6902.442690360273,0.011143021216910402,1.0,0.5577889311428682,0.37116992370698715,0.14612317383402232,0.4351884985330971,43.51884985330971,20,Top 20
KANO_DMD_11930,116,65,11292.915103912354,11268485560,136.31813219477465,Excellent,11268485560.0,5.0,5.0,4.9665895136436945e-05,11.075546365749048,6.072774456202936,14.849862426591898,0.49665895136436944,Low,6.072774456202936,KANO_W038,Bebeji,Kofa,49,54.95262214601206,KANO_PHC_0782,Kofa Primary Health Center,828.9247116532275,0.5868725215915925,0.7828398980458288,0.17820760617806852,0.042982280337857955,0.2038907828067942,0.4342496725559068,43.42496725559068,21,Reserve
KANO_DMD_14698,138,88,831.1096343994141,4087861635,444.07669551829025,Good,4087861635.0,1.0,1.0,1.4363164595928456e-05,11.774419500417435,11.774419500417435,11.774419500417435,0.14363164595928457,Very Low,11.774419500417437,KANO_W443,Tudun Wada,Karefa,9,67.72975823955798,KANO_PHC_1020,Karefa Health Post,6151.255391405646,0.04307868928946724,0.9371982266811484,0.3455242951041094,0.3305788873032021,0.6474843606305545,0.430663291636485,43.0663291636485,22,Reserve
KANO_DMD_03323,49,103,11618.191134214401,2817561866,9.853030330353684,Excellent,2817561866.0,12.0,14.0,4.681498734229176e-05,10.714909053493637,0.916128985980063,14.258810514803342,0.46814987342291764,Low,0.916128985980063,KANO_W319,Minjibir,Gandurwawa,26,60.56987648435705,KANO_PHC_0886,Gadurwawa Primary Health Center,614.8756565474027,0.6037800333580303,0.7953052613607912,0.026884112808617137,0.03141595992737253,0.3989092854860573,0.429940470447042,42.994047044704196,23,Reserve
KANO_DMD_07268,80,158,1536.5667734146118,2758093309,146.08400961458662,Excellent,2758093309.0,1.0,1.0,1.6417499643418475e-05,12.257804028151996,12.257804028151996,12.257804028151996,0.16417499643418476,Very Low,12.257804028151995,KANO_W009,Ajingi,Toranke,17,63.63903629087567,KANO_PHC_1317,Maimakawa Primary Health Center,6287.582154544473,0.07974762203419238,0.9282158131530035,0.35970937643264494,0.3379454184107955,0.5054636470831123,0.4291582926549682,42.91582926549682,24,Reserve
KANO_DMD_06811,77,113,48.079134941101074,2749407336,593.6307167018641,Moderate,,0.0,0.0,0.0,,,,0.0,Very Low,20.230390651078658,KANO_W101,Dawakin Kudu,Yargaya,34,58.705399732187004,KANO_PHC_1103,Madari Health Post,3149.890296798199,0.0023775734686138795,1.0,0.5936676087638036,0.1683976044383287,0.3341788241988748,0.4281243168789817,42.812431687898176,25,Reserve
KANO_DMD_16472,208,90,259.93189549446106,2970378345,581.0503885946608,Moderate,,0.0,0.0,0.0,,,,0.0,Very Low,18.587360449259343,KANO_W122,Doguwa,Unguwar Natsohuwa,84,50.416974528641155,KANO_PHC_0521,Asada Health Post,7409.375443144435,0.01338946093687318,1.0,0.5454523356203375,0.3985624606297603,0.04642324551150929,0.42753399905074446,42.753399905074446,26,Reserve
KANO_DMD_10651,108,29,28.39128065109253,2870007588,1995.2970012671149,Poor,2870007588.0,1.0,1.0,2.1718426774898944e-05,13.70634611857275,13.70634611857275,13.70634611857275,0.21718426774898944,Very Low,13.70634611857275,KANO_W366,Rogo,Jajaye,7,68.63729470723794,KANO_PHC_0139,Ba'Awa Primary Health Center,5866.808352397135,0.0013542191570307927,0.9050379388156616,0.4022173306212587,0.31520855272564596,0.6789919962819462,0.4222896991123179,42.228969911231786,27,Reserve
KANO_DMD_06418,74,124,1195.8100283145905,2852571211,299.1754929108235,Good,2852571211.0,1.0,1.0,1.586491547443694e-05,13.19862998525378,13.19862998525378,13.19862998525378,0.1586491547443694,Very Low,13.198629985253781,KANO_W468,Warawa,Katarkawa,13,66.18227615662926,KANO_PHC_0633,Alitini Health Post,4013.435947315514,0.062035438717389986,0.9306319426548405,0.38731823015419947,0.21506001870605954,0.5937592450210194,0.4203671906177779,42.03671906177779,28,Reserve
KANO_DMD_10256,105,43,64.08258295059204,5917810867,625.351262171717,Moderate,,0.0,0.0,0.0,,,,0.0,Very Low,19.43085235213678,KANO_W259,Kiru,Maraku,77,51.74537181356056,KANO_PHC_0775,Turawa Primary Health Center,5472.085652154743,0.0032094161508821883,1.0,0.5702048888275183,0.29387938020470983,0.09254222711071312,0.4183399323525461,41.83399323525461,29,Reserve
KANO_DMD_05032,64,132,576.2112896442413,2760825856,1024.281455142898,Poor,,0.0,0.0,0.0,,,,0.0,Very Low,15.887728399938549,KANO_W136,Gabasawa,Joda,21,62.176289647506536,KANO_PHC_0659,Wasarde Health Post,2535.231363861143,0.02982933685734474,1.0,0.4662307263640204,0.1351839929229579,0.45468035634947357,0.4179405809033985,41.794058090339846,30,Reserve
KANO_DMD_10715,108,100,59.47228455543518,2824519208,1661.477384243706,Poor,,0.0,0.0,0.0,,,,0.0,Very Low,23.37121874268331,KANO_W341,Rano,Madachi,94,49.11967804669272,KANO_PHC_0563,Jalabi Health Post,2942.226205021923,0.0029697776066878274,1.0,0.6858362640725777,0.15717630088223794,0.0013840142070567394,0.4117730326495632,41.17730326495632,31,Reserve
KANO_DMD_09972,102,134,2539.691707611084,2754035279,673.472628655798,Moderate,2754035279.0,4.0,4.0,2.160109886916976e-05,11.272557163434909,8.031672325262099,14.074341408821658,0.2160109886916976,Very Low,8.031672325262099,KANO_W475,Wudil,Achika,4,70.35518855668931,KANO_PHC_0666,Taka Kwadi Health Post,2606.6141828213736,0.13188901902672437,0.9055509455761404,0.2356921221122607,0.13904122347924094,0.7386334271487972,0.40781239276127035,40.78123927612703,32,Reserve
KANO_DMD_03953,55,99,2172.886426448822,12086807398,744.6040561508502,Moderate,12086807398.0,4.0,4.0,6.529878194323628e-06,13.515903971217543,10.860201654983069,14.94663009675127,0.06529878194323628,Very Low,10.860201654983067,KANO_W318,Minjibir,Azore,22,61.96842458206612,KANO_PHC_1071,Sanbauna Primary Health Center,2742.1433645175052,0.112822859735849,0.9714486367248153,0.3186962653567313,0.14636465660392048,0.44746374635109837,0.40714934329900265,40.71493432990027,33,Reserve
KANO_DMD_15153,143,106,226.96349620819092,5285170695,372.9392941646645,Good,,0.0,0.0,0.0,,,,0.0,Very Low,16.406041772051957,KANO_W440,Tudun Wada,Dalawa,47,55.16812465524092,KANO_PHC_0575,Gazobi Health Post,4270.301745212691,0.0116757976265591,1.0,0.4814408063629681,0.22893997776266406,0.21137254776561915,0.4052691520015229,40.52691520015229,34,Reserve
KANO_DMD_11771,115,58,959.8664245605469,8343520787,909.2836412243697,Moderate,,0.0,0.0,0.0,,,,0.0,Very Low,19.13140005008038,KANO_W252,Kiru,Bauda,97,49.07981331743825,KANO_PHC_0778,Bauda Health Clinic,3409.0807197199047,0.04977133412602839,1.0,0.5614173604417942,0.18240317655991334,0.0,0.4045753488101544,40.45753488101544,35,Reserve
KANO_DMD_06557,75,125,226.6827154159546,2852568081,180.04866375561576,Excellent,,0.0,0.0,0.0,,,,0.0,Very Low,16.044868584685165,KANO_W464,Warawa,Imawa,57,53.469691081496805,KANO_PHC_0091,Imawa (Wra) Health Post,4405.102125679273,0.011661202931265638,1.0,0.47084205786662053,0.23622402950099572,0.15240673413123837,0.39834105029097705,39.83410502909771,36,Reserve
KANO_DMD_09539,99,67,997.7001943588257,2823405517,649.6691249631555,Moderate,2823405517.0,1.0,1.0,1.2929945776063124e-05,14.25050530162754,14.25050530162754,14.25050530162754,0.12929945776063123,Very Low,14.25050530162754,KANO_W034,Bebeji,Damau,25,60.5830158809803,KANO_PHC_1411,Baguda Health Clinic,2898.2026860984597,0.05173789436546288,0.9434648598343331,0.418185864623531,0.15479745307459822,0.3993654559389567,0.39818091974801373,39.818091974801376,37,Reserve
KANO_DMD_13683,128,106,2183.474937915802,2766849579,358.64397374194584,Good,2766849579.0,3.0,3.0,2.4802897987817132e-05,12.26411632673454,11.71154624165472,12.83018531348048,0.24802897987817132,Very Low,11.71154624165472,KANO_W241,Kibiya,Fassi,32,58.87117124237618,KANO_PHC_1000,Kahu Health Post,4314.770432996729,0.11337323961490367,0.8915513383782397,0.3436792582074611,0.23134288064345343,0.3399340401383222,0.39433049423087346,39.43304942308735,38,Reserve
KANO_DMD_11996,116,136,5097.0103442668915,4087856234,100.73637805870462,Excellent,4087856234.0,2.0,2.0,1.5194385408541999e-05,8.318468457048347,6.574783607351552,10.062153306745143,0.15194385408542,Very Low,6.574783607351552,KANO_W384,Sumaila,Garfa,29,59.25426308272604,KANO_PHC_0817,Garfa Health Post,490.345676336395,0.26481579786019194,0.9335637810335322,0.19293923333644253,0.02468687788998712,0.3532341317121862,0.39044997613844584,39.044997613844586,39,Reserve
KANO_DMD_11561,113,169,912.621030330658,2855804738,262.950986508442,Good,2855804738.0,4.0,4.0,2.1931106185943953e-05,12.930541051416558,10.909522364548003,14.910369893514188,0.21931106185943952,Very Low,10.909522364548005,KANO_W017,Albasu,Gagarame,16,64.00581550000713,KANO_PHC_0827,Tsangaya Health Clinic,4248.989999258342,0.047315567378905715,0.9041080153247186,0.32014359814505733,0.22778837967645438,0.5181974005986734,0.39023839068519833,39.023839068519834,40,Reserve
KANO_DMD_12388,119,47,36.07302188873291,2972816523,2491.69622483821,Very Poor,,0.0,0.0,0.0,,,,0.0,Very Low,17.488537894184756,KANO_W254,Kiru,Dansoshiya,91,49.75822276632838,KANO_PHC_0233,Dansoshiya Health Post,3901.8030197060816,0.0017535081247470135,1.0,0.513207018662403,0.2090278397345015,0.02355285820385287,0.3868769179504652,38.68769179504652,41,Reserve
KANO_DMD_04888,63,119,10712.390019416809,3725045083,29.709422943414502,Excellent,3725045083.0,18.0,18.0,6.0075403483670435e-05,10.322941839173858,0.8468832201318623,14.938254394318916,0.6007540348367043,Low,0.8468832201318623,KANO_W184,Gezawa,Wangara,41,56.1675339046676,KANO_PHC_0807,Wangara Primary Health Center,450.7921222299269,0.5566974278790113,0.7373251663014773,0.024852072551108436,0.022549568384263297,0.24606980084467783,0.3843003497914016,38.43003497914016,42,Reserve
KANO_DMD_09962,102,124,1242.8734970092773,9022998224,395.38293677906125,Good,9022998224.0,2.0,2.0,2.6865432699689075e-05,12.058044606752311,10.112140293274129,14.003948920230494,0.26865432699689074,Very Low,10.112140293274129,KANO_W152,Garko,Raba,12,66.38163401589856,KANO_PHC_0941,Garko Primary Health Center,2937.754875743221,0.06448174916327772,0.8825330724820206,0.2967441534339365,0.15693468885048809,0.6006805038550099,0.38293487726935,38.293487726935,43,Reserve
KANO_DMD_11336,112,94,686.9251391887665,2691206616,324.2786234360953,Good,2691206616.0,1.0,1.0,2.039940371636129e-05,12.179248725780884,12.179248725780884,12.179248725780884,0.20399403716361292,Very Low,12.179248725780885,KANO_W349,Rano,Zurgu,33,58.80386209233637,KANO_PHC_0502,Chirin Health Post,4801.618281017061,0.03558412829446187,0.9108052602559591,0.3574041446989272,0.2576501128738154,0.3375972170452725,0.38226462112771337,38.22646211277134,44,Reserve
KANO_DMD_14341,134,97,155.28998279571533,5183218113,751.2742086999772,Moderate,,0.0,0.0,0.0,,,,0.0,Very Low,15.240493459998131,KANO_W347,Rano,Yalwa,65,52.71966945564668,KANO_PHC_0516,Kazaurawa Health Post,2849.2829160518286,0.007950282499489697,1.0,0.4472373996542208,0.1521540322265741,0.12636766136718536,0.37729243565139575,37.729243565139576,45,Reserve
KANO_DMD_10517,107,49,1080.0829372406006,7202205704,2647.7630670520075,Very Poor,7202205704.0,1.0,1.0,5.01692982355463e-06,12.21398530721032,12.21398530721032,12.21398530721032,0.0501692982355463,Very Low,12.213985307210319,KANO_W258,Kiru,Kogo,82,50.75372979876678,KANO_PHC_0776,Maraku Health Post,4710.370308451913,0.05602006416854245,0.9780638808786765,0.35842350134851025,0.25271945206349833,0.05811463503983156,0.37672607105344175,37.67260710534418,46,Reserve
KANO_DMD_05159,65,122,2064.50834107399,8409141709,150.47681429812272,Excellent,8409141709.0,5.0,5.0,1.844644893289889e-05,13.033598489994082,9.210681473141848,14.518268525435593,0.1844644893289889,Very Low,9.210681473141848,KANO_W183,Gezawa,Tumbau,31,59.06090092175664,KANO_PHC_0087,Tumbau Health Post,3210.0358549312414,0.10718947890542808,0.9193443967946952,0.270290541569628,0.17164762017089205,0.3465210301084961,0.3764502972207112,37.64502972207112,47,Reserve
KANO_DMD_13583,127,136,545.6501610279083,5190065708,1112.6667210511953,Poor,,0.0,0.0,0.0,,,,0.0,Very Low,15.587380551433537,KANO_W390,Sumaila,Rumo,92,49.47528230809395,KANO_PHC_0683,Gala Primary Health Center,2878.440133944346,0.02824080098768212,1.0,0.4574169178669602,0.15372956697610365,0.013729798540059904,0.37438803877011817,37.438803877011814,48,Reserve
KANO_DMD_01923,35,118,795.6113028526306,2923197472,1930.0602431725056,Poor,2923197472.0,1.0,1.0,1.061858440659543e-05,14.896105142071018,14.896105142071018,14.896105142071018,0.1061858440659543,Very Low,14.896105142071018,KANO_W140,Gabasawa,Yautar Arewa,71,52.00904516544578,KANO_PHC_0615,Shana Health Post,3200.889123109241,0.041233522715838,0.9535711001279527,0.43713120878938566,0.17115336883719784,0.10169637594995326,0.37403171652519174,37.40317165251918,49,Reserve
KANO_DMD_10650,108,28,492.89447236061096,2870007588,1819.07500385988,Poor,2870007588.0,1.0,1.0,2.1718426774898944e-05,13.70634611857275,13.70634611857275,13.70634611857275,0.21718426774898944,Very Low,13.70634611857275,KANO_W371,Rogo,Zoza,59,53.37535956719318,KANO_PHC_0189,Kaleku Health Clinic,5282.122686991981,0.025498614832555392,0.9050379388156616,0.4022173306212587,0.2836145718872327,0.1491317550103213,0.37180789656205077,37.18078965620508,50,Reserve
KANO_DMD_08018,86,98,643.6768419742584,12374672512,135.97425502477648,Excellent,12374672512.0,4.0,4.0,1.490859897629211e-05,8.367063369011582,6.54818181464622,12.4105530635603,0.14908598976292112,Very Low,6.54818181464622,KANO_W099,Dawakin Kudu,Yan Barau,11,67.19400430516644,KANO_PHC_0032,Dawaki Primary Health Center,2739.884886199049,0.033336126517774886,0.9348133590506809,0.192158594794331,0.14624261783174053,0.6288841827151024,0.36696070762314026,36.69607076231402,51,Reserve
KANO_DMD_15180,143,136,20.990771293640137,4087943713,2535.906216300432,Very Poor,4087943713.0,1.0,1.0,1.3557432330399603e-05,14.545613982967067,14.545613982967067,14.545613982967067,0.13557432330399602,Very Low,14.545613982967067,KANO_W385,Sumaila,Gediya,76,51.75848253762059,KANO_PHC_0670,Beta Health Post,4535.269313560726,0.0009695483316934015,0.9407212257220263,0.4268459280003564,0.2432577227879126,0.09299740211636916,0.3666287551599097,36.662875515990976,52,Reserve
KANO_DMD_04289,58,126,1913.16610455513,2760409305,197.10753495695428,Excellent,2760409305.0,2.0,2.0,1.288392595203522e-05,11.879098356949022,10.1706593266323,13.587537387265744,0.1288392595203522,Very Low,10.1706593266323,KANO_W144,Gabasawa,Zugachi,55,53.780495210140074,KANO_PHC_0164,Karmami Maternity and  Child Health Clinic,3070.234262312014,0.09932286591729755,0.9436660777858139,0.2984614141235645,0.16409332373482177,0.16319715808993018,0.3663393764155719,36.63393764155719,53,Reserve
KANO_DMD_00561,17,95,10692.458838224411,2953973431,31.20450850295025,Excellent,2953973431.0,16.0,16.0,5.286270895076652e-05,9.395721292234901,0.7364714907849884,14.75818577958182,0.5286270895076651,Low,0.7364714907849884,KANO_W084,Dambatta,Gwarabjawa,95,49.098360834290176,KANO_PHC_0519,Gwarabjawa Health Post,358.53288417536504,0.5556614256866071,0.7688620886870883,0.021612003267654434,0.017564262994156605,0.000643928287204182,0.365935382809129,36.5935382809129,54,Reserve
KANO_DMD_14436,135,74,803.1519985198975,5167005369,558.7568138064804,Moderate,5167005369.0,1.0,1.0,1.6212944393122837e-05,11.34009226017188,11.34009226017188,11.34009226017188,0.16212944393122836,Very Low,11.34009226017188,KANO_W039,Bebeji,Kuki,64,52.90049591831634,KANO_PHC_0098,Kuki Health Post,4997.447025267106,0.04162548028062705,0.9291102144093875,0.33277881635460177,0.26823188348924376,0.1326455515730638,0.3648202986381483,36.48202986381483,55,Reserve
KANO_DMD_07360,81,107,3245.8364493846893,2756261132,397.8602345441331,Good,2756261132.0,8.0,8.0,1.3743331569595766e-05,10.431302188756396,5.660442901401654,14.861062739007346,0.13743331569595765,Very Low,5.660442901401654,KANO_W102,Dawakin Kudu,Zogarawa,52,54.383684166837135,KANO_PHC_0589,Zogarawa Health Post,2961.671591927772,0.16859369265194912,0.9399083963624398,0.16610759820596907,0.15822704869024726,0.18413852910187298,0.3609246367411129,36.09246367411129,56,Reserve
KANO_DMD_07743,84,83,2231.0377464294434,2756411517,1340.1017757427746,Poor,2756411517.0,3.0,3.0,1.2952030739187153e-05,11.933229365706417,9.766806249385535,14.299996674353572,0.12952030739187154,Very Low,9.766806249385535,KANO_W300,Madobi,Kanwa,58,53.41328276110566,KANO_PHC_0064,Kanwa Primary Health Clinic,2140.2216574642725,0.11584550522833505,0.9433682951226634,0.28661020992310543,0.11383931178349113,0.15044836345426207,0.36003850044673735,36.00385004467373,57,Reserve
KANO_DMD_08738,92,77,2239.4265689849854,2758424541,1384.9795466654653,Poor,2758424541.0,5.0,5.0,1.592390844482107e-05,13.18962102959664,10.909141056858775,14.73845994511409,0.1592390844482107,Very Low,10.909141056858775,KANO_W302,Madobi,Kubaraci,69,52.3330334244058,KANO_PHC_1457,Kundirin Health Post,2068.5078786811346,0.11628154755193534,0.9303740006721579,0.3201324085428409,0.10996419753529993,0.11294452341529672,0.3592935281140129,35.92935281140129,58,Reserve
KANO_DMD_10248,105,28,1461.2714612483978,6015115493,362.88974662823784,Good,6015115493.0,3.0,3.0,4.3339079943181645e-05,12.476175506537473,10.629084093366304,13.5622577339916,0.43339079943181646,Low,10.629084093366304,KANO_W235,Karaye,Tudun Kaya,27,59.86664413768611,KANO_PHC_0133,Ma'A Health Post,4132.309993904024,0.07583384955232299,0.8105033848034559,0.3119140428819009,0.2214834776213718,0.3744946318095783,0.35843079446710463,35.84307944671046,59,Reserve
KANO_DMD_12141,117,127,558.7631120681763,4348026125,98.77600273191112,Excellent,4348026125.0,1.0,1.0,1.4059779786287318e-05,10.373134309993826,10.373134309993826,10.373134309993826,0.1405977978628732,Very Low,10.373134309993826,KANO_W151,Garko,Kwas,36,57.689866552736824,KANO_PHC_0643,Zakarawa Health Post,3018.9238822777606,0.028922398625848625,0.9385247521774076,0.30440311051884983,0.16132072426893515,0.29892178434480327,0.35827881681069706,35.827881681069705,60,Reserve
KANO_DMD_02109,37,121,2233.313997745514,8604838731,124.01537485921328,Excellent,8604838731.0,2.0,2.0,2.2200348035729824e-05,11.228819110970665,7.67328551511906,14.78435270682227,0.22200348035729825,Very Low,7.67328551511906,KANO_W142,Gabasawa,Yumbu,38,56.92898082897272,KANO_PHC_0101,Yama Kanawa Health Post,2996.9715445730008,0.1159638224184277,0.9029307771537521,0.22517514079144965,0.1601345112696444,0.27250553440832237,0.35682759930353514,35.68275993035351,61,Reserve
KANO_DMD_05205,66,27,1942.702941417694,2764231575,97.75267951233306,Excellent,2764231575.0,1.0,1.0,5.150209218030306e-06,10.128682619926604,10.128682619926604,10.128682619926604,0.051502092180303057,Very Low,10.128682619926604,KANO_W373,Shanono,Dutsen Bakoshi,90,49.77784832869844,KANO_PHC_0202,Gasawa Health Post,2522.210294946644,0.10085816016056971,0.9774811275262357,0.2972295935658917,0.13448038853153627,0.024234213819446224,0.35666912830458325,35.66691283045832,62,Reserve
KANO_DMD_09121,95,146,453.61362075805664,2901161560,285.38834300857394,Good,2901161560.0,3.0,3.0,2.584441141809796e-05,13.630248159762777,13.048792881897434,14.749536998000004,0.25844411418097957,Very Low,13.048792881897434,KANO_W165,Gaya,Balan,39,56.85818211158175,KANO_PHC_0056,Kalahadi Health Post,2892.3349968783245,0.023456836777009254,0.8869974053003178,0.3829212100280006,0.1544803875610145,0.2700475613443383,0.35554745863236836,35.55474586323684,63,Reserve
KANO_DMD_08432,89,140,1329.4768257141113,2861730304,257.62433088079104,Good,2861730304.0,2.0,2.0,7.698040839836306e-06,11.466248639612477,8.166491883533755,14.7660053956912,0.07698040839836305,Very Low,8.166491883533755,KANO_W173,Gaya,Shagogo,44,55.54073207685577,KANO_PHC_0690,Jibawa Health Post,2824.622530850164,0.06898330065396079,0.9663409402159392,0.23964844733376398,0.15082148760708286,0.22430864377866122,0.35526400223585436,35.52640022358543,64,Reserve
KANO_DMD_06967,78,129,1738.2746114730835,2817836168,157.34970776455464,Excellent,2817836168.0,1.0,1.0,1.820032482224944e-05,14.11737641717351,14.11737641717351,14.11737641717351,0.1820032482224944,Very Low,14.11737641717351,KANO_W466,Warawa,Jigawa,79,51.641827003591466,KANO_PHC_0652,Jigawa (Wra) Health Post,610.6660421836544,0.09023218691955909,0.9204205545245657,0.4142791527930799,0.03118848988079081,0.08894738297796001,0.3536036370455398,35.36036370455398,65,Reserve
KANO_DMD_00832,22,80,2219.612148284912,8316093444,310.67173388288614,Good,8316093444.0,2.0,2.0,2.098692643323953e-05,10.85222573415718,10.026086768022786,11.678364700291574,0.2098692643323953,Very Low,10.026086768022786,KANO_W311,Makoda,Koguna,70,52.05615260719002,KANO_PHC_0398,Gamji Health Post,2338.5474252676136,0.11525161444920858,0.9082363647845864,0.2942188838312491,0.12455601116314916,0.10333184092993493,0.3494949380646249,34.94949380646249,66,Reserve
KANO_DMD_13560,127,106,183.33851957321167,2767310339,1221.2516103572784,Poor,2767310339.0,3.0,3.0,2.4802897987817132e-05,12.416307009498555,12.204460316888502,12.812014300009611,0.24802897987817132,Very Low,12.204460316888502,KANO_W243,Kibiya,Kahu,42,56.04443987370934,KANO_PHC_1000,Kahu Health Post,3374.7658009797146,0.009408216443028406,0.8915513383782397,0.3581439873082043,0.1805489411146198,0.24179625149827097,0.3486010633061294,34.860106330612936,67,Reserve
KANO_DMD_12963,123,22,360.45796632766724,2870514332,1314.3146540165249,Poor,2870514332.0,1.0,1.0,2.400792615112175e-05,12.813857959336367,12.813857959336367,12.813857959336367,0.2400792615112175,Very Low,12.813857959336369,KANO_W364,Rogo,Fulatan,96,49.084645285835734,KANO_PHC_0145,Sabon Layin Hago Health Post,5110.602263725496,0.018614702169274827,0.8950272883159831,0.37602696581406103,0.2743463218056734,0.00016775513179774994,0.3457153496766212,34.57153496766212,68,Reserve
KANO_DMD_14473,135,135,124.60956597328186,2895500822,475.12222432748746,Good,2895500822.0,1.0,1.0,2.03798727109584e-05,12.1507553666905,12.1507553666905,12.1507553666905,0.203798727109584,Very Low,12.1507553666905,KANO_W383,Sumaila,Gani,54,53.952876692992426,KANO_PHC_0680,Kula Health Post,3429.788551920667,0.006355546152200835,0.9108906579944457,0.35656799750589535,0.18352214165939568,0.16918185749120412,0.3453894348434805,34.53894348434805,69,Reserve
KANO_DMD_05901,71,18,128.31516861915588,11271199019,274.1843337274346,Good,11271199019.0,1.0,1.0,1.586105411936061e-05,10.613316191880934,10.613316191880934,10.613316191880934,0.1586105411936061,Very Low,10.613316191880934,KANO_W201,Gwarzo,Lakwaya,46,55.24015117932143,KANO_PHC_0185,Dankyandi Health Post,3200.702274012516,0.006548159546672846,0.9306488261170183,0.3114513285165931,0.17114327228937584,0.21387314753079031,0.34397572569306045,34.39757256930604,70,Reserve
KANO_DMD_03660,52,126,555.1393795013428,2841505166,983.6034659644839,Moderate,2841505166.0,1.0,1.0,6.854111888718103e-06,10.72202130892992,10.72202130892992,10.72202130892992,0.06854111888718102,Very Low,10.722021308929921,KANO_W141,Gabasawa,Yautar Kudu,86,50.115247939394166,KANO_PHC_0164,Karmami Maternity and  Child Health Clinic,3142.1241696323236,0.028734040753443248,0.9700309511694003,0.3146413166889382,0.16797795523639844,0.035947973410726045,0.3428477039827031,34.28477039827031,71,Reserve
KANO_DMD_08114,87,63,374.7143745422363,2837830014,846.8369469047665,Moderate,2837830014.0,1.0,1.0,2.236405151930812e-05,11.469153586613816,11.469153586613816,11.469153586613816,0.22364051519308123,Very Low,11.469153586613817,KANO_W215,Kabo,Masanawa,43,55.641033651743086,KANO_PHC_0299,Unguwarturaki Health Post,2349.566084199917,0.01935573552919114,0.9022149969370369,0.33656616432895164,0.12515141364993831,0.22779089004573339,0.34022550381087097,34.02255038108709,72,Reserve
KANO_DMD_01919,35,114,90.34375858306885,2915701104,780.1711779869414,Moderate,2915701104.0,2.0,2.0,2.75438375654186e-05,14.338287521136591,14.124587372953396,14.551987669319786,0.275438375654186,Very Low,14.124587372953396,KANO_W081,Dambatta,Fagwalawa,75,51.79726223303571,KANO_PHC_0612,Tona Health Post,3230.672863384723,0.004574444909977305,0.8795668021791634,0.4144907607125008,0.17276275824972567,0.09434374637615985,0.33951097453535906,33.95109745353591,73,Reserve
KANO_DMD_11241,111,163,1246.0472350120544,2841469233,108.54733284903311,Excellent,2841469233.0,4.0,4.0,2.066282534604071e-05,12.81665042072498,8.96291160785947,14.84784128517932,0.2066282534604071,Very Low,8.96291160785947,KANO_W402,Takai,Zuga,53,54.21377639105513,KANO_PHC_0141,Kogo Health Post,2642.8812204302976,0.06464671678347314,0.9096534705257837,0.263019651650452,0.14100094330662608,0.1782397112754518,0.3383854256201174,33.83854256201174,74,Reserve
KANO_DMD_02008,36,111,835.5805540084839,6374377100,416.79353276665915,Good,6374377100.0,3.0,3.0,1.642250581412927e-05,11.61356314607015,8.200207311307157,14.388649906964298,0.16422505814129268,Very Low,8.200207311307157,KANO_W325,Minjibir,Sarbi,48,54.99368484510138,KANO_PHC_1001,Sarbi Health Post,2938.036447515118,0.04331108306845843,0.9281939240772309,0.24063783788631948,0.1569499038175932,0.20531638784619982,0.33724349787436814,33.724349787436815,75,Reserve
KANO_DMD_07609,83,87,4349.474293708801,12619285068,92.84284016024854,Excellent,12619285068.0,9.0,9.0,2.3436079783337743e-05,9.219394972460504,3.8443113636726416,14.092839859212605,0.23436079783337743,Very Low,3.8443113636726416,KANO_W301,Madobi,Kauran Mata,74,51.82010600338436,KANO_PHC_0930,Kauran Mata Primary Health Center,1590.1606013730761,0.22595964679701372,0.8975276402212282,0.11281260821789262,0.08411630078054443,0.0951368309724068,0.33686345395231204,33.68634539523121,76,Reserve
KANO_DMD_08162,87,118,466.94113874435425,2815968514,917.3379105509431,Moderate,2815968514.0,8.0,8.0,4.3231830165388574e-05,12.8768951778508,10.54166657051034,14.314445029751246,0.43231830165388574,Very Low,10.54166657051034,KANO_W089,Dawakin Kudu,Danbagina,35,57.71503446078186,KANO_PHC_0895,Gano Primary Health Center,4133.843042760495,0.024149587383199,0.8109723257661854,0.309348746311358,0.2215663172034952,0.29979555780188305,0.3350722102794902,33.50722102794902,77,Reserve
KANO_DMD_10473,106,156,474.9395942687988,2861821376,291.2791150107355,Good,2861821376.0,2.0,2.0,2.2375687963941933e-05,13.287895210068573,12.456746044848042,14.119044375289103,0.22375687963941934,Very Low,12.456746044848042,KANO_W014,Albasu,Duja,61,53.24424359002824,KANO_PHC_0714,Chamarana Health Post,1551.0960233578476,0.02456533883210625,0.9021641175258006,0.3655473967344573,0.08200541350846022,0.1445797016397829,0.3327788925682208,33.27788925682208,78,Reserve
KANO_DMD_06566,75,139,884.8890037536621,2833403582,429.23709594783963,Good,2833403582.0,2.0,2.0,1.9558327617691383e-05,12.385462249084185,9.945148789413675,14.825775708754696,0.19558327617691385,Very Low,9.945148789413675,KANO_W166,Gaya,Gamarya,66,52.59252013459682,KANO_PHC_0679,Marita Health Post,2448.5973340878,0.04587408530836296,0.9144827973432627,0.29184373166301925,0.130502650385311,0.12195332142203431,0.33252240096092844,33.25224009609285,79,Reserve
KANO_DMD_09252,96,151,59.11897420883179,2901161074,939.8730385726594,Moderate,2901161074.0,3.0,3.0,3.601400188336523e-05,12.825562569106994,11.067530430767953,14.547550390822831,0.36014001883365226,Very Low,11.067530430767953,KANO_W171,Gaya,Kazurawa,45,55.254120493344615,KANO_PHC_0056,Kalahadi Health Post,4217.999984746257,0.0029514129001434993,0.8425316950538229,0.3247803979210017,0.2261138082227511,0.2143581308589728,0.331827311537009,33.1827311537009,80,Reserve
KANO_DMD_03429,50,99,1419.630226135254,2749649688,640.7161588201759,Moderate,2749649688.0,8.0,10.0,2.578534607123568e-05,12.080059671214707,8.01601199018764,14.978133920536912,0.25785346071235676,Very Low,8.01601199018764,KANO_W326,Minjibir,Tsakiya,67,52.51990367619748,KANO_PHC_1071,Sanbauna Primary Health Center,3445.373774979997,0.07366938120219368,0.8872556637432862,0.23523256431941114,0.18436430227292408,0.11943224045722219,0.3305591125470227,33.055911254702266,81,Reserve
KANO_DMD_07619,83,98,2470.9722187519073,12376330659,55.40920492479534,Excellent,12376330659.0,9.0,10.0,2.062252858618787e-05,10.776786334931753,6.135701374818408,14.493011739137083,0.20622528586187872,Very Low,6.135701374818408,KANO_W094,Dawakin Kudu,Gurjiya,93,49.40781494627843,KANO_PHC_1534,Kainuwa Dental Clinic and Diagnostic Centre,2483.8584337213656,0.12831705104189867,0.9098296648429107,0.1800542177411196,0.13240801350960155,0.011387482688137822,0.3229633253667752,32.29633253667752,82,Reserve
KANO_DMD_12199,118,9,1027.3881306648254,5919647517,400.0474454568502,Good,5919647517.0,1.0,1.0,1.8253564185931456e-05,8.864554411359695,8.864554411359695,8.864554411359695,0.18253564185931456,Very Low,8.864554411359695,KANO_W369,Rogo,Ruwan Bago,78,51.65946861377917,KANO_PHC_1399,Bari Model Primary Health Center,1959.2389338069647,0.053281042601589716,0.9201877697209615,0.2601333266823467,0.10405975835566664,0.08955986021264235,0.3226228703218008,32.26228703218008,83,Reserve
KANO_DMD_09545,99,74,1463.1797857284546,5668540448,713.3388260978131,Moderate,5668540448.0,4.0,4.0,3.059293036860287e-05,11.851780710015428,8.547417759477204,13.762575072660496,0.3059293036860287,Very Low,8.547417759477204,KANO_W161,Garum Mallam,Jobawa,40,56.17410649485202,KANO_PHC_0854,Jobawa Health Post,1008.2940571255606,0.07593304228586312,0.8662348909715176,0.25082684511104797,0.05267465352084802,0.24629798647048085,0.32203500112602323,32.20350011260232,84,Reserve
KANO_DMD_06546,75,114,1476.4828667640686,2824084504,217.22234988595744,Excellent,2824084504.0,3.0,3.0,1.6816592745428407e-05,10.937815604993892,6.848985344036574,14.052707862947573,0.16816592745428408,Very Low,6.848985344036574,KANO_W470,Warawa,Tamburawar Gabas,73,51.891071190194005,KANO_PHC_0611,Ganakakun Health Post,1765.9032663761745,0.07662452268462062,0.926470810903802,0.20098577540002843,0.09361270323938026,0.09760058348215137,0.31860417844546457,31.860417844546458,85,Reserve
KANO_DMD_06741,77,39,897.3151245117188,2760370478,93.73304555516843,Excellent,2760370478.0,2.0,2.0,2.4892663019124515e-05,11.499901622116612,9.16896865011851,13.830834594114714,0.24892663019124514,Very Low,9.16896865011851,KANO_W205,Gwarzo,Unguwar Tudu,85,50.25580260560085,KANO_PHC_0214,Dan Nafada Health Clinic,2831.4126324920953,0.04651998221854392,0.8911588480526939,0.2690664647672488,0.1511883964503455,0.040827716946833556,0.31732003079442156,31.732003079442155,86,Reserve
KANO_DMD_02627,43,27,24.954789876937866,2973553773,1120.41631760353,Poor,2973553773.0,2.0,2.0,3.422433109386224e-05,13.151457042665939,11.99806700207341,14.304847083258466,0.34224331093862237,Very Low,11.99806700207341,KANO_W435,Tsanyawa,Yanganau,88,49.8694348263121,KANO_PHC_1045,Faruruwa Primary Health Center,3770.6148952744097,0.0011755939194277594,0.8503568855602102,0.3520873061603009,0.20193897928390445,0.027413892102540777,0.3163915969007808,31.639159690078078,87,Reserve
KANO_DMD_05993,71,114,1208.1306586265564,2755861761,503.43523612845576,Moderate,2755861761.0,4.0,4.0,2.337922610944606e-05,11.201398842503162,8.166263888051946,14.755456897604631,0.2337922610944606,Very Low,8.166263888051946,KANO_W469,Warawa,Madari,89,49.85521923482186,KANO_PHC_0611,Ganakakun Health Post,2620.3249749126066,0.0626758523432451,0.8977762283033492,0.23964175672976976,0.13978209764161623,0.026920358571719056,0.31483451462817913,31.483451462817914,88,Reserve
KANO_DMD_00155,6,100,559.9201278686523,2923202042,734.991737086869,Moderate,2923202042.0,3.0,3.0,5.8306000094782e-05,12.110770985444645,12.027582921115725,12.188238849914566,0.58306000094782,Low,12.027582921115723,KANO_W083,Dambatta,Gwanda,50,54.56796744532879,KANO_PHC_0017,Gwanda (Dambatta) Primary Health Center,3207.0104290564354,0.028982539110969333,0.7450617392409866,0.35295346071858574,0.17148413874356747,0.190536432218871,0.3103271527206768,31.03271527206768,89,Reserve
KANO_DMD_07567,83,45,383.4557523727417,11273617540,218.1774689224354,Excellent,11273617540.0,3.0,3.0,4.690438506297282e-05,12.698116909684728,10.091497542330936,14.467562464454703,0.46904385062972814,Low,10.091497542330936,KANO_W208,Kabo,Gammo,63,53.01151393590624,KANO_PHC_0927,Yammedi Primary Health Center,3147.1568873344017,0.01981010331149255,0.7949143770711948,0.2961383849738945,0.16824990236295304,0.1364998487539853,0.3027867724858669,30.27867724858669,90,Reserve
KANO_DMD_06609,76,43,558.479905128479,11273546830,396.9280782929126,Good,11273546830.0,6.0,6.0,6.804295307685679e-05,12.473349968612935,10.607070140891263,14.428798648469524,0.6804295307685678,Moderate,10.607070140891265,KANO_W202,Gwarzo,Madadi,51,54.415147849163525,KANO_PHC_1049,Madadi Primary Health Center,3842.661190186032,0.02890767782191843,0.7024877013322434,0.31126803605233927,0.20583206132028234,0.1852308777559445,0.29594573286374104,29.594573286374104,91,Reserve
KANO_DMD_12015,116,159,750.711727142334,2824157313,1328.8491548675897,Poor,2824157313.0,8.0,8.0,3.927399519986868e-05,12.103911783278871,8.476378037716733,14.103558007801938,0.39273995199868683,Very Low,8.476378037716733,KANO_W400,Takai,Kuka,80,51.47012862198353,KANO_PHC_0716,Gamawa Health Post,2205.8977687140687,0.03889968919012455,0.8282776384413923,0.24874216061472879,0.11738817559722893,0.08298639932353312,0.29439461476226886,29.439461476226885,92,Reserve
KANO_DMD_01355,29,64,638.5362377166748,5360311101,314.7760703331692,Good,5360311101.0,1.0,1.0,3.761080018540829e-05,8.387881793130447,8.387881793130447,8.387881793130447,0.3761080018540829,Very Low,8.387881793130447,KANO_W054,Bichi,Waire,83,50.53636696983445,KANO_PHC_0325,Jinjimawa Health Post,1849.3817363600808,0.033068923223111626,0.8355498238699988,0.24614520859268188,0.09812353245436368,0.05056828394314948,0.287812532915439,28.7812532915439,93,Reserve
KANO_DMD_08355,89,50,970.3026392459869,6008085299,375.2956037008587,Good,6008085299.0,4.0,4.0,5.0661896834705595e-05,10.909544716054537,8.738068498169643,12.253884269285429,0.506618968347056,Low,8.738068498169643,KANO_W230,Karaye,Kafin Dabga,81,50.99026174028134,KANO_PHC_0257,Magami Health Post,2272.478092176675,0.0503137977758316,0.7784849613282205,0.256421555074919,0.12098589927707203,0.06632649483672655,0.2857802250550219,28.578022505502187,94,Reserve
KANO_DMD_04212,58,40,988.5260179042816,5978581767,225.62120898245968,Excellent,5978581767.0,8.0,8.0,6.743071521076667e-05,12.163288498097852,10.003455631319984,14.33262269971122,0.6743071521076667,Moderate,10.003455631319985,KANO_W023,Bagwai,Gadanya,87,49.94744893211928,KANO_PHC_0227,Jauben Yamma Health Post,2163.4466366962874,0.05126103015813551,0.7051646617908256,0.2935547655232202,0.11509429303623035,0.030122367308749783,0.2706568082861006,27.065680828610063,95,Reserve
KANO_DMD_05215,66,37,1069.5376167297363,2764188513,69.35606044572302,Excellent,2764188513.0,9.0,9.0,6.319389717068567e-05,11.146369957917283,6.150023862147591,14.730978080195168,0.6319389717068568,Low,6.150023862147591,KANO_W379,Shanono,Shakogi,68,52.50515688991052,KANO_PHC_0954,Shakogi Health Post,2462.9507541450675,0.055471929310733435,0.7236898053529772,0.18047451594251948,0.13127824948938818,0.11892026503154464,0.26524269724653093,26.524269724653095,96,Reserve
KANO_DMD_08833,93,60,1373.7895584106445,2901153460,572.6918278467778,Moderate,2901153460.0,3.0,4.0,7.388566313241525e-05,11.18330657711745,7.260402338314035,13.657083602185786,0.7388566313241525,Moderate,7.260402338314035,KANO_W256,Kiru,Galadimawa,72,51.979784778555036,KANO_PHC_0088,Galadimawa (Kku) Health Post,1222.3809253291558,0.07128663068653014,0.6769409250611581,0.21305894528636812,0.06424301719381975,0.10068052078379225,0.25293751418597443,25.293751418597445,97,Reserve
